year,state,state_po,state_fips,state_cen,state_ic,candidate,candidatevotes,totalvotes,party
1976,ALABAMA,AL,1,63,41,"CARTER, JIMMY",659170,1182850,DEMOCRAT
1976,ALABAMA,AL,1,63,41,"FORD, GERALD",504070,1182850,REPUBLICAN
1976,ALASKA,AK,2,94,81,"FORD, GERALD",71555,123574,REPUBLICAN
1976,ALASKA,AK,2,94,81,"CARTER, JIMMY",44058,123574,DEMOCRAT
1976,ARIZONA,AZ,4,86,61,"FORD, GERALD",418642,742719,REPUBLICAN
1976,ARIZONA,AZ,4,86,61,"CARTER, JIMMY",295602,742719,DEMOCRAT
1976,ARKANSAS,AR,5,71,42,"CARTER, JIMMY",498604,767535,DEMOCRAT
1976,ARKANSAS,AR,5,71,42,"FORD, GERALD",267903,767535,REPUBLICAN
1976,CALIFORNIA,CA,6,93,71,"FORD, GERALD",3882244,7803770,REPUBLICAN
1976,CALIFORNIA,CA,6,93,71,"CARTER, JIMMY",3742284,7803770,DEMOCRAT
1976,COLORADO,CO,8,84,62,"FORD, GERALD",584278,1081440,REPUBLICAN
1976,COLORADO,CO,8,84,62,"CARTER, JIMMY",460801,1081440,DEMOCRAT
1976,CONNECTICUT,CT,9,16,1,"FORD, GERALD",719261,1386355,REPUBLICAN
1976,CONNECTICUT,CT,9,16,1,"CARTER, JIMMY",647895,1386355,DEMOCRAT
1976,DELAWARE,DE,10,51,11,"CARTER, JIMMY",122461,235642,DEMOCRAT
1976,DELAWARE,DE,10,51,11,"FORD, GERALD",109780,235642,REPUBLICAN
1976,DISTRICT OF COLUMBIA,DC,11,53,55,"CARTER, JIMMY",137818,168830,DEMOCRAT
1976,DISTRICT OF COLUMBIA,DC,11,53,55,"FORD, GERALD",27873,168830,REPUBLICAN
1976,FLORIDA,FL,12,59,43,"CARTER, JIMMY",1636000,3150631,DEMOCRAT
1976,FLORIDA,FL,12,59,43,"FORD, GERALD",1469531,3150631,REPUBLICAN
1976,GEORGIA,GA,13,58,44,"CARTER, JIMMY",979409,1463152,DEMOCRAT
1976,GEORGIA,GA,13,58,44,"FORD, GERALD",483743,1463152,REPUBLICAN
1976,HAWAII,HI,15,95,82,"CARTER, JIMMY",147375,291301,DEMOCRAT
1976,HAWAII,HI,15,95,82,"FORD, GERALD",140003,291301,REPUBLICAN
1976,IDAHO,ID,16,82,63,"FORD, GERALD",204151,340932,REPUBLICAN
1976,IDAHO,ID,16,82,63,"CARTER, JIMMY",126549,340932,DEMOCRAT
1976,ILLINOIS,IL,17,33,21,"FORD, GERALD",2364269,4721282,REPUBLICAN
1976,ILLINOIS,IL,17,33,21,"CARTER, JIMMY",2271295,4721282,DEMOCRAT
1976,INDIANA,IN,18,32,22,"FORD, GERALD",1183958,2220362,REPUBLICAN
1976,INDIANA,IN,18,32,22,"CARTER, JIMMY",1014714,2220362,DEMOCRAT
1976,IOWA,IA,19,42,31,"FORD, GERALD",632864,1279303,REPUBLICAN
1976,IOWA,IA,19,42,31,"CARTER, JIMMY",619931,1279303,DEMOCRAT
1976,KANSAS,KS,20,47,32,"FORD, GERALD",502752,957845,REPUBLICAN
1976,KANSAS,KS,20,47,32,"CARTER, JIMMY",430421,957845,DEMOCRAT
1976,KENTUCKY,KY,21,61,51,"CARTER, JIMMY",615717,1167142,DEMOCRAT
1976,KENTUCKY,KY,21,61,51,"FORD, GERALD",531852,1167142,REPUBLICAN
1976,LOUISIANA,LA,22,72,45,"CARTER, JIMMY",661365,1277383,DEMOCRAT
1976,LOUISIANA,LA,22,72,45,"FORD, GERALD",587446,1277383,REPUBLICAN
1976,MAINE,ME,23,11,2,"FORD, GERALD",236320,482968,REPUBLICAN
1976,MAINE,ME,23,11,2,"CARTER, JIMMY",232279,482968,DEMOCRAT
1976,MARYLAND,MD,24,52,52,"CARTER, JIMMY",759612,1432273,DEMOCRAT
1976,MARYLAND,MD,24,52,52,"FORD, GERALD",672661,1432273,REPUBLICAN
1976,MASSACHUSETTS,MA,25,14,3,"CARTER, JIMMY",1429475,2547558,DEMOCRAT
1976,MASSACHUSETTS,MA,25,14,3,"FORD, GERALD",1030276,2547558,REPUBLICAN
1976,MICHIGAN,MI,26,34,23,"FORD, GERALD",1893742,3651590,REPUBLICAN
1976,MICHIGAN,MI,26,34,23,"CARTER, JIMMY",1696714,3651590,DEMOCRAT
1976,MINNESOTA,MN,27,41,33,"CARTER, JIMMY",1070440,1949931,DEMOCRAT
1976,MINNESOTA,MN,27,41,33,"FORD, GERALD",819395,1949931,REPUBLICAN
1976,MISSISSIPPI,MS,28,64,46,"CARTER, JIMMY",381329,768390,DEMOCRAT
1976,MISSISSIPPI,MS,28,64,46,"FORD, GERALD",366846,768390,REPUBLICAN
1976,MISSOURI,MO,29,43,34,"CARTER, JIMMY",998387,1953600,DEMOCRAT
1976,MISSOURI,MO,29,43,34,"FORD, GERALD",927443,1953600,REPUBLICAN
1976,MONTANA,MT,30,81,64,"FORD, GERALD",173703,328734,REPUBLICAN
1976,MONTANA,MT,30,81,64,"CARTER, JIMMY",149259,328734,DEMOCRAT
1976,NEBRASKA,NE,31,46,35,"FORD, GERALD",359219,606749,REPUBLICAN
1976,NEBRASKA,NE,31,46,35,"CARTER, JIMMY",233293,606749,DEMOCRAT
1976,NEVADA,NV,32,88,65,"FORD, GERALD",101273,201876,REPUBLICAN
1976,NEVADA,NV,32,88,65,"CARTER, JIMMY",92479,201876,DEMOCRAT
1976,NEW HAMPSHIRE,NH,33,12,4,"FORD, GERALD",185935,339627,REPUBLICAN
1976,NEW HAMPSHIRE,NH,33,12,4,"CARTER, JIMMY",147645,339627,DEMOCRAT
1976,NEW JERSEY,NJ,34,22,12,"FORD, GERALD",1509688,3014472,REPUBLICAN
1976,NEW JERSEY,NJ,34,22,12,"CARTER, JIMMY",1444653,3014472,DEMOCRAT
1976,NEW MEXICO,NM,35,85,66,"FORD, GERALD",211419,416590,REPUBLICAN
1976,NEW MEXICO,NM,35,85,66,"CARTER, JIMMY",201148,416590,DEMOCRAT
1976,NEW YORK,NY,36,21,13,"CARTER, JIMMY",3389558,6668262,DEMOCRAT
1976,NEW YORK,NY,36,21,13,"FORD, GERALD",3100791,6668262,REPUBLICAN
1976,NORTH CAROLINA,NC,37,56,47,"CARTER, JIMMY",927365,1677906,DEMOCRAT
1976,NORTH CAROLINA,NC,37,56,47,"FORD, GERALD",741960,1677906,REPUBLICAN
1976,NORTH DAKOTA,ND,38,44,36,"FORD, GERALD",153684,297308,REPUBLICAN
1976,NORTH DAKOTA,ND,38,44,36,"CARTER, JIMMY",136078,297308,DEMOCRAT
1976,OHIO,OH,39,31,24,"CARTER, JIMMY",2009959,4110456,DEMOCRAT
1976,OHIO,OH,39,31,24,"FORD, GERALD",2000626,4110456,REPUBLICAN
1976,OKLAHOMA,OK,40,73,53,"FORD, GERALD",545708,1092251,REPUBLICAN
1976,OKLAHOMA,OK,40,73,53,"CARTER, JIMMY",532442,1092251,DEMOCRAT
1976,OREGON,OR,41,92,72,"FORD, GERALD",492120,1029876,REPUBLICAN
1976,OREGON,OR,41,92,72,"CARTER, JIMMY",490407,1029876,DEMOCRAT
1976,PENNSYLVANIA,PA,42,23,14,"CARTER, JIMMY",2328677,4620787,DEMOCRAT
1976,PENNSYLVANIA,PA,42,23,14,"FORD, GERALD",2205604,4620787,REPUBLICAN
1976,RHODE ISLAND,RI,44,15,5,"CARTER, JIMMY",227636,410584,DEMOCRAT
1976,RHODE ISLAND,RI,44,15,5,"FORD, GERALD",181249,410584,REPUBLICAN
1976,SOUTH CAROLINA,SC,45,57,48,"CARTER, JIMMY",450807,802583,DEMOCRAT
1976,SOUTH CAROLINA,SC,45,57,48,"FORD, GERALD",346149,802583,REPUBLICAN
1976,SOUTH DAKOTA,SD,46,45,37,"FORD, GERALD",151505,300678,REPUBLICAN
1976,SOUTH DAKOTA,SD,46,45,37,"CARTER, JIMMY",147068,300678,DEMOCRAT
1976,TENNESSEE,TN,47,62,54,"CARTER, JIMMY",825879,1476346,DEMOCRAT
1976,TENNESSEE,TN,47,62,54,"FORD, GERALD",633969,1476346,REPUBLICAN
1976,TEXAS,TX,48,74,49,"CARTER, JIMMY",2082319,4071884,DEMOCRAT
1976,TEXAS,TX,48,74,49,"FORD, GERALD",1953300,4071884,REPUBLICAN
1976,UTAH,UT,49,87,67,"FORD, GERALD",337908,541218,REPUBLICAN
1976,UTAH,UT,49,87,67,"CARTER, JIMMY",182110,541218,DEMOCRAT
1976,VERMONT,VT,50,13,6,"FORD, GERALD",100387,183902,REPUBLICAN
1976,VERMONT,VT,50,13,6,"CARTER, JIMMY",77798,183902,DEMOCRAT
1976,VIRGINIA,VA,51,54,40,"FORD, GERALD",836554,1697094,REPUBLICAN
1976,VIRGINIA,VA,51,54,40,"CARTER, JIMMY",813896,1697094,DEMOCRAT
1976,WASHINGTON,WA,53,91,73,"FORD, GERALD",777732,1555534,REPUBLICAN
1976,WASHINGTON,WA,53,91,73,"CARTER, JIMMY",717323,1555534,DEMOCRAT
1976,WEST VIRGINIA,WV,54,55,56,"CARTER, JIMMY",435864,750590,DEMOCRAT
1976,WEST VIRGINIA,WV,54,55,56,"FORD, GERALD",314726,750590,REPUBLICAN
1976,WISCONSIN,WI,55,35,25,"CARTER, JIMMY",1040232,2101336,DEMOCRAT
1976,WISCONSIN,WI,55,35,25,"FORD, GERALD",1004987,2101336,REPUBLICAN
1976,WYOMING,WY,56,83,68,"FORD, GERALD",92717,156343,REPUBLICAN
1976,WYOMING,WY,56,83,68,"CARTER, JIMMY",62239,156343,DEMOCRAT
1980,ALABAMA,AL,1,63,41,"REAGAN, RONALD",654192,1341929,REPUBLICAN
1980,ALABAMA,AL,1,63,41,"CARTER, JIMMY",636730,1341929,DEMOCRAT
1980,ALASKA,AK,2,94,81,"REAGAN, RONALD",86112,158445,REPUBLICAN
1980,ALASKA,AK,2,94,81,"CARTER, JIMMY",41842,158445,DEMOCRAT
1980,ARIZONA,AZ,4,86,61,"REAGAN, RONALD",529688,873945,REPUBLICAN
1980,ARIZONA,AZ,4,86,61,"CARTER, JIMMY",246843,873945,DEMOCRAT
1980,ARKANSAS,AR,5,71,42,"REAGAN, RONALD",403164,837582,REPUBLICAN
1980,ARKANSAS,AR,5,71,42,"CARTER, JIMMY",398041,837582,DEMOCRAT
1980,CALIFORNIA,CA,6,93,71,"REAGAN, RONALD",4522994,8582938,REPUBLICAN
1980,CALIFORNIA,CA,6,93,71,"CARTER, JIMMY",3082943,8582938,DEMOCRAT
1980,COLORADO,CO,8,84,62,"REAGAN, RONALD",652264,1184450,REPUBLICAN
1980,COLORADO,CO,8,84,62,"CARTER, JIMMY",368009,1184450,DEMOCRAT
1980,CONNECTICUT,CT,9,16,1,"REAGAN, RONALD",677210,1406285,REPUBLICAN
1980,CONNECTICUT,CT,9,16,1,"CARTER, JIMMY",541732,1406285,DEMOCRAT
1980,DELAWARE,DE,10,51,11,"REAGAN, RONALD",111252,235668,REPUBLICAN
1980,DELAWARE,DE,10,51,11,"CARTER, JIMMY",105754,235668,DEMOCRAT
1980,DISTRICT OF COLUMBIA,DC,11,53,55,"CARTER, JIMMY",130231,173889,DEMOCRAT
1980,DISTRICT OF COLUMBIA,DC,11,53,55,"REAGAN, RONALD",23313,173889,REPUBLICAN
1980,FLORIDA,FL,12,59,43,"REAGAN, RONALD",2046951,3686927,REPUBLICAN
1980,FLORIDA,FL,12,59,43,"CARTER, JIMMY",1419475,3686927,DEMOCRAT
1980,GEORGIA,GA,13,58,44,"CARTER, JIMMY",890955,1596805,DEMOCRAT
1980,GEORGIA,GA,13,58,44,"REAGAN, RONALD",654168,1596805,REPUBLICAN
1980,HAWAII,HI,15,95,82,"CARTER, JIMMY",135879,303287,DEMOCRAT
1980,HAWAII,HI,15,95,82,"REAGAN, RONALD",130112,303287,REPUBLICAN
1980,IDAHO,ID,16,82,63,"REAGAN, RONALD",290699,437431,REPUBLICAN
1980,IDAHO,ID,16,82,63,"CARTER, JIMMY",110192,437431,DEMOCRAT
1980,ILLINOIS,IL,17,33,21,"REAGAN, RONALD",2358049,4749721,REPUBLICAN
1980,ILLINOIS,IL,17,33,21,"CARTER, JIMMY",1981413,4749721,DEMOCRAT
1980,INDIANA,IN,18,32,22,"REAGAN, RONALD",1255656,2242033,REPUBLICAN
1980,INDIANA,IN,18,32,22,"CARTER, JIMMY",844197,2242033,DEMOCRAT
1980,IOWA,IA,19,42,31,"REAGAN, RONALD",676026,1317661,REPUBLICAN
1980,IOWA,IA,19,42,31,"CARTER, JIMMY",508672,1317661,DEMOCRAT
1980,KANSAS,KS,20,47,32,"REAGAN, RONALD",566812,979795,REPUBLICAN
1980,KANSAS,KS,20,47,32,"CARTER, JIMMY",326150,979795,DEMOCRAT
1980,KENTUCKY,KY,21,61,51,"REAGAN, RONALD",635274,1295627,REPUBLICAN
1980,KENTUCKY,KY,21,61,51,"CARTER, JIMMY",617417,1295627,DEMOCRAT
1980,LOUISIANA,LA,22,72,45,"REAGAN, RONALD",792853,1548591,REPUBLICAN
1980,LOUISIANA,LA,22,72,45,"CARTER, JIMMY",708453,1548591,DEMOCRAT
1980,MAINE,ME,23,11,2,"REAGAN, RONALD",238522,523011,REPUBLICAN
1980,MAINE,ME,23,11,2,"CARTER, JIMMY",220974,523011,DEMOCRAT
1980,MARYLAND,MD,24,52,52,"CARTER, JIMMY",726161,1540496,DEMOCRAT
1980,MARYLAND,MD,24,52,52,"REAGAN, RONALD",680606,1540496,REPUBLICAN
1980,MASSACHUSETTS,MA,25,14,3,"REAGAN, RONALD",1057631,2524090,REPUBLICAN
1980,MASSACHUSETTS,MA,25,14,3,"CARTER, JIMMY",1053802,2524090,DEMOCRAT
1980,MICHIGAN,MI,26,34,23,"REAGAN, RONALD",1915225,3909725,REPUBLICAN
1980,MICHIGAN,MI,26,34,23,"CARTER, JIMMY",1661532,3909725,DEMOCRAT
1980,MINNESOTA,MN,27,41,33,"CARTER, JIMMY",954173,2051916,DEMOCRAT
1980,MINNESOTA,MN,27,41,33,"REAGAN, RONALD",873268,2051916,REPUBLICAN
1980,MISSISSIPPI,MS,28,64,46,"REAGAN, RONALD",441089,891750,REPUBLICAN
1980,MISSISSIPPI,MS,28,64,46,"CARTER, JIMMY",429281,891750,DEMOCRAT
1980,MISSOURI,MO,29,43,34,"REAGAN, RONALD",1074181,2099824,REPUBLICAN
1980,MISSOURI,MO,29,43,34,"CARTER, JIMMY",931182,2099824,DEMOCRAT
1980,MONTANA,MT,30,81,64,"REAGAN, RONALD",206814,363952,REPUBLICAN
1980,MONTANA,MT,30,81,64,"CARTER, JIMMY",118032,363952,DEMOCRAT
1980,NEBRASKA,NE,31,46,35,"REAGAN, RONALD",419214,639533,REPUBLICAN
1980,NEBRASKA,NE,31,46,35,"CARTER, JIMMY",166424,639533,DEMOCRAT
1980,NEVADA,NV,32,88,65,"REAGAN, RONALD",155017,243692,REPUBLICAN
1980,NEVADA,NV,32,88,65,"CARTER, JIMMY",66666,243692,DEMOCRAT
1980,NEW HAMPSHIRE,NH,33,12,4,"REAGAN, RONALD",221705,383990,REPUBLICAN
1980,NEW HAMPSHIRE,NH,33,12,4,"CARTER, JIMMY",108864,383990,DEMOCRAT
1980,NEW JERSEY,NJ,34,22,12,"REAGAN, RONALD",1546557,2975684,REPUBLICAN
1980,NEW JERSEY,NJ,34,22,12,"CARTER, JIMMY",1147364,2975684,DEMOCRAT
1980,NEW MEXICO,NM,35,85,66,"REAGAN, RONALD",250779,456237,REPUBLICAN
1980,NEW MEXICO,NM,35,85,66,"CARTER, JIMMY",167826,456237,DEMOCRAT
1980,NEW YORK,NY,36,21,13,"CARTER, JIMMY",2728372,6201959,DEMOCRAT
1980,NEW YORK,NY,36,21,13,"REAGAN, RONALD",2893831,6201959,REPUBLICAN
1980,NORTH CAROLINA,NC,37,56,47,"REAGAN, RONALD",915018,1855833,REPUBLICAN
1980,NORTH CAROLINA,NC,37,56,47,"CARTER, JIMMY",875635,1855833,DEMOCRAT
1980,NORTH DAKOTA,ND,38,44,36,"REAGAN, RONALD",193695,301116,REPUBLICAN
1980,NORTH DAKOTA,ND,38,44,36,"CARTER, JIMMY",79189,301116,DEMOCRAT
1980,OHIO,OH,39,31,24,"REAGAN, RONALD",2206545,4283603,REPUBLICAN
1980,OHIO,OH,39,31,24,"CARTER, JIMMY",1752414,4283603,DEMOCRAT
1980,OKLAHOMA,OK,40,73,53,"REAGAN, RONALD",695570,1149708,REPUBLICAN
1980,OKLAHOMA,OK,40,73,53,"CARTER, JIMMY",402026,1149708,DEMOCRAT
1980,OREGON,OR,41,92,72,"REAGAN, RONALD",571044,1181516,REPUBLICAN
1980,OREGON,OR,41,92,72,"CARTER, JIMMY",456890,1181516,DEMOCRAT
1980,PENNSYLVANIA,PA,42,23,14,"REAGAN, RONALD",2261872,4561501,REPUBLICAN
1980,PENNSYLVANIA,PA,42,23,14,"CARTER, JIMMY",1937540,4561501,DEMOCRAT
1980,RHODE ISLAND,RI,44,15,5,"CARTER, JIMMY",198342,415967,DEMOCRAT
1980,RHODE ISLAND,RI,44,15,5,"REAGAN, RONALD",154793,415967,REPUBLICAN
1980,SOUTH CAROLINA,SC,45,57,48,"REAGAN, RONALD",439277,888258,REPUBLICAN
1980,SOUTH CAROLINA,SC,45,57,48,"CARTER, JIMMY",428220,888258,DEMOCRAT
1980,SOUTH DAKOTA,SD,46,45,37,"REAGAN, RONALD",198343,327703,REPUBLICAN
1980,SOUTH DAKOTA,SD,46,45,37,"CARTER, JIMMY",103855,327703,DEMOCRAT
1980,TENNESSEE,TN,47,62,54,"REAGAN, RONALD",787761,1617616,REPUBLICAN
1980,TENNESSEE,TN,47,62,54,"CARTER, JIMMY",783051,1617616,DEMOCRAT
1980,TEXAS,TX,48,74,49,"REAGAN, RONALD",2510705,4541636,REPUBLICAN
1980,TEXAS,TX,48,74,49,"CARTER, JIMMY",1881147,4541636,DEMOCRAT
1980,UTAH,UT,49,87,67,"REAGAN, RONALD",439687,604152,REPUBLICAN
1980,UTAH,UT,49,87,67,"CARTER, JIMMY",124266,604152,DEMOCRAT
1980,VERMONT,VT,50,13,6,"REAGAN, RONALD",94628,213299,REPUBLICAN
1980,VERMONT,VT,50,13,6,"CARTER, JIMMY",81952,213299,DEMOCRAT
1980,VIRGINIA,VA,51,54,40,"REAGAN, RONALD",989609,1866032,REPUBLICAN
1980,VIRGINIA,VA,51,54,40,"CARTER, JIMMY",752174,1866032,DEMOCRAT
1980,WASHINGTON,WA,53,91,73,"REAGAN, RONALD",865244,1742394,REPUBLICAN
1980,WASHINGTON,WA,53,91,73,"CARTER, JIMMY",650193,1742394,DEMOCRAT
1980,WEST VIRGINIA,WV,54,55,56,"CARTER, JIMMY",367462,737715,DEMOCRAT
1980,WEST VIRGINIA,WV,54,55,56,"REAGAN, RONALD",334206,737715,REPUBLICAN
1980,WISCONSIN,WI,55,35,25,"REAGAN, RONALD",1088845,2273221,REPUBLICAN
1980,WISCONSIN,WI,55,35,25,"CARTER, JIMMY",981584,2273221,DEMOCRAT
1980,WYOMING,WY,56,83,68,"REAGAN, RONALD",110700,176713,REPUBLICAN
1980,WYOMING,WY,56,83,68,"CARTER, JIMMY",49427,176713,DEMOCRAT
1984,ALABAMA,AL,1,63,41,"REAGAN, RONALD",872849,1441713,REPUBLICAN
1984,ALABAMA,AL,1,63,41,"MONDALE, WALTER",551899,1441713,DEMOCRAT
1984,ALASKA,AK,2,94,81,"REAGAN, RONALD",138377,207605,REPUBLICAN
1984,ALASKA,AK,2,94,81,"MONDALE, WALTER",62007,207605,DEMOCRAT
1984,ARIZONA,AZ,4,86,61,"REAGAN, RONALD",681416,1025897,REPUBLICAN
1984,ARIZONA,AZ,4,86,61,"MONDALE, WALTER",333854,1025897,DEMOCRAT
1984,ARKANSAS,AR,5,71,42,"REAGAN, RONALD",534774,884406,REPUBLICAN
1984,ARKANSAS,AR,5,71,42,"MONDALE, WALTER",338646,884406,DEMOCRAT
1984,CALIFORNIA,CA,6,93,71,"REAGAN, RONALD",5467009,9505041,REPUBLICAN
1984,CALIFORNIA,CA,6,93,71,"MONDALE, WALTER",3922519,9505041,DEMOCRAT
1984,COLORADO,CO,8,84,62,"REAGAN, RONALD",821817,1295380,REPUBLICAN
1984,COLORADO,CO,8,84,62,"MONDALE, WALTER",454975,1295380,DEMOCRAT
1984,CONNECTICUT,CT,9,16,1,"REAGAN, RONALD",890877,1466900,REPUBLICAN
1984,CONNECTICUT,CT,9,16,1,"MONDALE, WALTER",569597,1466900,DEMOCRAT
1984,DELAWARE,DE,10,51,11,"REAGAN, RONALD",152190,254572,REPUBLICAN
1984,DELAWARE,DE,10,51,11,"MONDALE, WALTER",101656,254572,DEMOCRAT
1984,DISTRICT OF COLUMBIA,DC,11,53,55,"MONDALE, WALTER",180408,211288,DEMOCRAT
1984,DISTRICT OF COLUMBIA,DC,11,53,55,"REAGAN, RONALD",29009,211288,REPUBLICAN
1984,FLORIDA,FL,12,59,43,"REAGAN, RONALD",2730350,4180051,REPUBLICAN
1984,FLORIDA,FL,12,59,43,"MONDALE, WALTER",1448816,4180051,DEMOCRAT
1984,GEORGIA,GA,13,58,44,"REAGAN, RONALD",1068722,1776103,REPUBLICAN
1984,GEORGIA,GA,13,58,44,"MONDALE, WALTER",706628,1776103,DEMOCRAT
1984,HAWAII,HI,15,95,82,"REAGAN, RONALD",185050,335846,REPUBLICAN
1984,HAWAII,HI,15,95,82,"MONDALE, WALTER",147154,335846,DEMOCRAT
1984,IDAHO,ID,16,82,63,"REAGAN, RONALD",297523,411144,REPUBLICAN
1984,IDAHO,ID,16,82,63,"MONDALE, WALTER",108510,411144,DEMOCRAT
1984,ILLINOIS,IL,17,33,21,"REAGAN, RONALD",2707103,4819088,REPUBLICAN
1984,ILLINOIS,IL,17,33,21,"MONDALE, WALTER",2086499,4819088,DEMOCRAT
1984,INDIANA,IN,18,32,22,"REAGAN, RONALD",1377230,2233069,REPUBLICAN
1984,INDIANA,IN,18,32,22,"MONDALE, WALTER",841481,2233069,DEMOCRAT
1984,IOWA,IA,19,42,31,"REAGAN, RONALD",703088,1319805,REPUBLICAN
1984,IOWA,IA,19,42,31,"MONDALE, WALTER",605620,1319805,DEMOCRAT
1984,KANSAS,KS,20,47,32,"REAGAN, RONALD",677296,1021991,REPUBLICAN
1984,KANSAS,KS,20,47,32,"MONDALE, WALTER",333149,1021991,DEMOCRAT
1984,KENTUCKY,KY,21,61,51,"REAGAN, RONALD",821702,1369345,REPUBLICAN
1984,KENTUCKY,KY,21,61,51,"MONDALE, WALTER",539539,1369345,DEMOCRAT
1984,LOUISIANA,LA,22,72,45,"REAGAN, RONALD",1037299,1706822,REPUBLICAN
1984,LOUISIANA,LA,22,72,45,"MONDALE, WALTER",651586,1706822,DEMOCRAT
1984,MAINE,ME,23,11,2,"REAGAN, RONALD",336500,553144,REPUBLICAN
1984,MAINE,ME,23,11,2,"MONDALE, WALTER",214515,553144,DEMOCRAT
1984,MARYLAND,MD,24,52,52,"REAGAN, RONALD",879918,1675873,REPUBLICAN
1984,MARYLAND,MD,24,52,52,"MONDALE, WALTER",787935,1675873,DEMOCRAT
1984,MASSACHUSETTS,MA,25,14,3,"REAGAN, RONALD",1310936,2559383,REPUBLICAN
1984,MASSACHUSETTS,MA,25,14,3,"MONDALE, WALTER",1239606,2559383,DEMOCRAT
1984,MICHIGAN,MI,26,34,23,"REAGAN, RONALD",2251571,3801658,REPUBLICAN
1984,MICHIGAN,MI,26,34,23,"MONDALE, WALTER",1529638,3801658,DEMOCRAT
1984,MINNESOTA,MN,27,41,33,"MONDALE, WALTER",1036364,2084449,DEMOCRAT
1984,MINNESOTA,MN,27,41,33,"REAGAN, RONALD",1032603,2084449,REPUBLICAN
1984,MISSISSIPPI,MS,28,64,46,"REAGAN, RONALD",582377,941104,REPUBLICAN
1984,MISSISSIPPI,MS,28,64,46,"MONDALE, WALTER",352192,941104,DEMOCRAT
1984,MISSOURI,MO,29,43,34,"REAGAN, RONALD",1274188,2122771,REPUBLICAN
1984,MISSOURI,MO,29,43,34,"MONDALE, WALTER",848583,2122771,DEMOCRAT
1984,MONTANA,MT,30,81,64,"REAGAN, RONALD",232450,384377,REPUBLICAN
1984,MONTANA,MT,30,81,64,"MONDALE, WALTER",146742,384377,DEMOCRAT
1984,NEBRASKA,NE,31,46,35,"REAGAN, RONALD",460054,652090,REPUBLICAN
1984,NEBRASKA,NE,31,46,35,"MONDALE, WALTER",187866,652090,DEMOCRAT
1984,NEVADA,NV,32,88,65,"REAGAN, RONALD",188770,282717,REPUBLICAN
1984,NEVADA,NV,32,88,65,"MONDALE, WALTER",91655,282717,DEMOCRAT
1984,NEW HAMPSHIRE,NH,33,12,4,"REAGAN, RONALD",267050,388904,REPUBLICAN
1984,NEW HAMPSHIRE,NH,33,12,4,"MONDALE, WALTER",120347,388904,DEMOCRAT
1984,NEW JERSEY,NJ,34,22,12,"REAGAN, RONALD",1933630,3217862,REPUBLICAN
1984,NEW JERSEY,NJ,34,22,12,"MONDALE, WALTER",1261323,3217862,DEMOCRAT
1984,NEW MEXICO,NM,35,85,66,"REAGAN, RONALD",307101,514370,REPUBLICAN
1984,NEW MEXICO,NM,35,85,66,"MONDALE, WALTER",201769,514370,DEMOCRAT
1984,NEW YORK,NY,36,21,13,"MONDALE, WALTER",3119609,6806810,DEMOCRAT
1984,NEW YORK,NY,36,21,13,"REAGAN, RONALD",3664763,6806810,REPUBLICAN
1984,NORTH CAROLINA,NC,37,56,47,"REAGAN, RONALD",1346481,2175361,REPUBLICAN
1984,NORTH CAROLINA,NC,37,56,47,"MONDALE, WALTER",824287,2175361,DEMOCRAT
1984,NORTH DAKOTA,ND,38,44,36,"REAGAN, RONALD",200336,308971,REPUBLICAN
1984,NORTH DAKOTA,ND,38,44,36,"MONDALE, WALTER",104429,308971,DEMOCRAT
1984,OHIO,OH,39,31,24,"REAGAN, RONALD",2678559,4563235,REPUBLICAN
1984,OHIO,OH,39,31,24,"MONDALE, WALTER",1825440,4563235,DEMOCRAT
1984,OKLAHOMA,OK,40,73,53,"REAGAN, RONALD",861530,1255676,REPUBLICAN
1984,OKLAHOMA,OK,40,73,53,"MONDALE, WALTER",385080,1255676,DEMOCRAT
1984,OREGON,OR,41,92,72,"REAGAN, RONALD",685700,1226527,REPUBLICAN
1984,OREGON,OR,41,92,72,"MONDALE, WALTER",536479,1226527,DEMOCRAT
1984,PENNSYLVANIA,PA,42,23,14,"REAGAN, RONALD",2584323,4844903,REPUBLICAN
1984,PENNSYLVANIA,PA,42,23,14,"MONDALE, WALTER",2228131,4844903,DEMOCRAT
1984,RHODE ISLAND,RI,44,15,5,"REAGAN, RONALD",212080,410489,REPUBLICAN
1984,RHODE ISLAND,RI,44,15,5,"MONDALE, WALTER",197106,410489,DEMOCRAT
1984,SOUTH CAROLINA,SC,45,57,48,"REAGAN, RONALD",615539,968529,REPUBLICAN
1984,SOUTH CAROLINA,SC,45,57,48,"MONDALE, WALTER",344459,968529,DEMOCRAT
1984,SOUTH DAKOTA,SD,46,45,37,"REAGAN, RONALD",200267,317867,REPUBLICAN
1984,SOUTH DAKOTA,SD,46,45,37,"MONDALE, WALTER",116113,317867,DEMOCRAT
1984,TENNESSEE,TN,47,62,54,"REAGAN, RONALD",990212,1711993,REPUBLICAN
1984,TENNESSEE,TN,47,62,54,"MONDALE, WALTER",711714,1711993,DEMOCRAT
1984,TEXAS,TX,48,74,49,"REAGAN, RONALD",3433428,5397571,REPUBLICAN
1984,TEXAS,TX,48,74,49,"MONDALE, WALTER",1949276,5397571,DEMOCRAT
1984,UTAH,UT,49,87,67,"REAGAN, RONALD",469105,629656,REPUBLICAN
1984,UTAH,UT,49,87,67,"MONDALE, WALTER",155369,629656,DEMOCRAT
1984,VERMONT,VT,50,13,6,"REAGAN, RONALD",135865,234561,REPUBLICAN
1984,VERMONT,VT,50,13,6,"MONDALE, WALTER",95730,234561,DEMOCRAT
1984,VIRGINIA,VA,51,54,40,"REAGAN, RONALD",1337078,2146635,REPUBLICAN
1984,VIRGINIA,VA,51,54,40,"MONDALE, WALTER",796250,2146635,DEMOCRAT
1984,WASHINGTON,WA,53,91,73,"REAGAN, RONALD",1051670,1874910,REPUBLICAN
1984,WASHINGTON,WA,53,91,73,"MONDALE, WALTER",798352,1874910,DEMOCRAT
1984,WEST VIRGINIA,WV,54,55,56,"REAGAN, RONALD",405483,735742,REPUBLICAN
1984,WEST VIRGINIA,WV,54,55,56,"MONDALE, WALTER",328125,735742,DEMOCRAT
1984,WISCONSIN,WI,55,35,25,"REAGAN, RONALD",1198584,2211689,REPUBLICAN
1984,WISCONSIN,WI,55,35,25,"MONDALE, WALTER",995740,2211689,DEMOCRAT
1984,WYOMING,WY,56,83,68,"REAGAN, RONALD",133241,188968,REPUBLICAN
1984,WYOMING,WY,56,83,68,"MONDALE, WALTER",53370,188968,DEMOCRAT
1988,ALABAMA,AL,1,63,41,"BUSH, GEORGE H.W.",815576,1378476,REPUBLICAN
1988,ALABAMA,AL,1,63,41,"DUKAKIS, MICHAEL",549506,1378476,DEMOCRAT
1988,ALASKA,AK,2,94,81,"BUSH, GEORGE H.W.",119251,200116,REPUBLICAN
1988,ALASKA,AK,2,94,81,"DUKAKIS, MICHAEL",72584,200116,DEMOCRAT
1988,ARIZONA,AZ,4,86,61,"BUSH, GEORGE H.W.",702541,1171873,REPUBLICAN
1988,ARIZONA,AZ,4,86,61,"DUKAKIS, MICHAEL",454029,1171873,DEMOCRAT
1988,ARKANSAS,AR,5,71,42,"BUSH, GEORGE H.W.",466578,827738,REPUBLICAN
1988,ARKANSAS,AR,5,71,42,"DUKAKIS, MICHAEL",349237,827738,DEMOCRAT
1988,CALIFORNIA,CA,6,93,71,"BUSH, GEORGE H.W.",5054917,9887065,REPUBLICAN
1988,CALIFORNIA,CA,6,93,71,"DUKAKIS, MICHAEL",4702233,9887065,DEMOCRAT
1988,COLORADO,CO,8,84,62,"BUSH, GEORGE H.W.",728177,1372394,REPUBLICAN
1988,COLORADO,CO,8,84,62,"DUKAKIS, MICHAEL",621453,1372394,DEMOCRAT
1988,CONNECTICUT,CT,9,16,1,"BUSH, GEORGE H.W.",750241,1443394,REPUBLICAN
1988,CONNECTICUT,CT,9,16,1,"DUKAKIS, MICHAEL",676584,1443394,DEMOCRAT
1988,DELAWARE,DE,10,51,11,"BUSH, GEORGE H.W.",139639,249891,REPUBLICAN
1988,DELAWARE,DE,10,51,11,"DUKAKIS, MICHAEL",108647,249891,DEMOCRAT
1988,DISTRICT OF COLUMBIA,DC,11,53,55,"DUKAKIS, MICHAEL",159407,192877,DEMOCRAT
1988,DISTRICT OF COLUMBIA,DC,11,53,55,"BUSH, GEORGE H.W.",27590,192877,REPUBLICAN
1988,FLORIDA,FL,12,59,43,"BUSH, GEORGE H.W.",2618885,4302313,REPUBLICAN
1988,FLORIDA,FL,12,59,43,"DUKAKIS, MICHAEL",1656701,4302313,DEMOCRAT
1988,GEORGIA,GA,13,58,44,"BUSH, GEORGE H.W.",1081331,1809672,REPUBLICAN
1988,GEORGIA,GA,13,58,44,"DUKAKIS, MICHAEL",714792,1809672,DEMOCRAT
1988,HAWAII,HI,15,95,82,"DUKAKIS, MICHAEL",192364,354461,DEMOCRAT
1988,HAWAII,HI,15,95,82,"BUSH, GEORGE H.W.",158625,354461,REPUBLICAN
1988,IDAHO,ID,16,82,63,"BUSH, GEORGE H.W.",253881,408968,REPUBLICAN
1988,IDAHO,ID,16,82,63,"DUKAKIS, MICHAEL",147272,408968,DEMOCRAT
1988,ILLINOIS,IL,17,33,21,"BUSH, GEORGE H.W.",2310939,4559120,REPUBLICAN
1988,ILLINOIS,IL,17,33,21,"DUKAKIS, MICHAEL",2215940,4559120,DEMOCRAT
1988,INDIANA,IN,18,32,22,"BUSH, GEORGE H.W.",1297763,2168621,REPUBLICAN
1988,INDIANA,IN,18,32,22,"DUKAKIS, MICHAEL",860643,2168621,DEMOCRAT
1988,IOWA,IA,19,42,31,"DUKAKIS, MICHAEL",670557,1225614,DEMOCRAT
1988,IOWA,IA,19,42,31,"BUSH, GEORGE H.W.",545355,1225614,REPUBLICAN
1988,KANSAS,KS,20,47,32,"BUSH, GEORGE H.W.",554049,993044,REPUBLICAN
1988,KANSAS,KS,20,47,32,"DUKAKIS, MICHAEL",422636,993044,DEMOCRAT
1988,KENTUCKY,KY,21,61,51,"BUSH, GEORGE H.W.",734281,1322517,REPUBLICAN
1988,KENTUCKY,KY,21,61,51,"DUKAKIS, MICHAEL",580368,1322517,DEMOCRAT
1988,LOUISIANA,LA,22,72,45,"BUSH, GEORGE H.W.",883702,1628202,REPUBLICAN
1988,LOUISIANA,LA,22,72,45,"DUKAKIS, MICHAEL",717460,1628202,DEMOCRAT
1988,MAINE,ME,23,11,2,"BUSH, GEORGE H.W.",307131,555035,REPUBLICAN
1988,MAINE,ME,23,11,2,"DUKAKIS, MICHAEL",243569,555035,DEMOCRAT
1988,MARYLAND,MD,24,52,52,"BUSH, GEORGE H.W.",876167,1714358,REPUBLICAN
1988,MARYLAND,MD,24,52,52,"DUKAKIS, MICHAEL",826304,1714358,DEMOCRAT
1988,MASSACHUSETTS,MA,25,14,3,"DUKAKIS, MICHAEL",1401415,2632801,DEMOCRAT
1988,MASSACHUSETTS,MA,25,14,3,"BUSH, GEORGE H.W.",1194635,2632801,REPUBLICAN
1988,MICHIGAN,MI,26,34,23,"BUSH, GEORGE H.W.",1965486,3669163,REPUBLICAN
1988,MICHIGAN,MI,26,34,23,"DUKAKIS, MICHAEL",1675783,3669163,DEMOCRAT
1988,MINNESOTA,MN,27,41,33,"DUKAKIS, MICHAEL",1109471,2096790,DEMOCRAT
1988,MINNESOTA,MN,27,41,33,"BUSH, GEORGE H.W.",962337,2096790,REPUBLICAN
1988,MISSISSIPPI,MS,28,64,46,"BUSH, GEORGE H.W.",557890,931527,REPUBLICAN
1988,MISSISSIPPI,MS,28,64,46,"DUKAKIS, MICHAEL",363921,931527,DEMOCRAT
1988,MISSOURI,MO,29,43,34,"BUSH, GEORGE H.W.",1084953,2093228,REPUBLICAN
1988,MISSOURI,MO,29,43,34,"DUKAKIS, MICHAEL",1001619,2093228,DEMOCRAT
1988,MONTANA,MT,30,81,64,"BUSH, GEORGE H.W.",190412,365674,REPUBLICAN
1988,MONTANA,MT,30,81,64,"DUKAKIS, MICHAEL",168936,365674,DEMOCRAT
1988,NEBRASKA,NE,31,46,35,"BUSH, GEORGE H.W.",397956,661465,REPUBLICAN
1988,NEBRASKA,NE,31,46,35,"DUKAKIS, MICHAEL",259235,661465,DEMOCRAT
1988,NEVADA,NV,32,88,65,"BUSH, GEORGE H.W.",206040,343133,REPUBLICAN
1988,NEVADA,NV,32,88,65,"DUKAKIS, MICHAEL",132738,343133,DEMOCRAT
1988,NEW HAMPSHIRE,NH,33,12,4,"BUSH, GEORGE H.W.",281537,450525,REPUBLICAN
1988,NEW HAMPSHIRE,NH,33,12,4,"DUKAKIS, MICHAEL",163696,450525,DEMOCRAT
1988,NEW JERSEY,NJ,34,22,12,"BUSH, GEORGE H.W.",1743192,3099553,REPUBLICAN
1988,NEW JERSEY,NJ,34,22,12,"DUKAKIS, MICHAEL",1320352,3099553,DEMOCRAT
1988,NEW MEXICO,NM,35,85,66,"BUSH, GEORGE H.W.",270341,521387,REPUBLICAN
1988,NEW MEXICO,NM,35,85,66,"DUKAKIS, MICHAEL",244497,521387,DEMOCRAT
1988,NEW YORK,NY,36,21,13,"DUKAKIS, MICHAEL",3347882,6485683,DEMOCRAT
1988,NEW YORK,NY,36,21,13,"BUSH, GEORGE H.W.",3081871,6485683,REPUBLICAN
1988,NORTH CAROLINA,NC,37,56,47,"BUSH, GEORGE H.W.",1237258,2134370,REPUBLICAN
1988,NORTH CAROLINA,NC,37,56,47,"DUKAKIS, MICHAEL",890167,2134370,DEMOCRAT
1988,NORTH DAKOTA,ND,38,44,36,"BUSH, GEORGE H.W.",166559,297261,REPUBLICAN
1988,NORTH DAKOTA,ND,38,44,36,"DUKAKIS, MICHAEL",127739,297261,DEMOCRAT
1988,OHIO,OH,39,31,24,"BUSH, GEORGE H.W.",2416549,4393585,REPUBLICAN
1988,OHIO,OH,39,31,24,"DUKAKIS, MICHAEL",1939629,4393585,DEMOCRAT
1988,OKLAHOMA,OK,40,73,53,"BUSH, GEORGE H.W.",678367,1171036,REPUBLICAN
1988,OKLAHOMA,OK,40,73,53,"DUKAKIS, MICHAEL",483423,1171036,DEMOCRAT
1988,OREGON,OR,41,92,72,"DUKAKIS, MICHAEL",616206,1201694,DEMOCRAT
1988,OREGON,OR,41,92,72,"BUSH, GEORGE H.W.",560126,1201694,REPUBLICAN
1988,PENNSYLVANIA,PA,42,23,14,"BUSH, GEORGE H.W.",2300087,4536251,REPUBLICAN
1988,PENNSYLVANIA,PA,42,23,14,"DUKAKIS, MICHAEL",2194944,4536251,DEMOCRAT
1988,RHODE ISLAND,RI,44,15,5,"DUKAKIS, MICHAEL",225123,404622,DEMOCRAT
1988,RHODE ISLAND,RI,44,15,5,"BUSH, GEORGE H.W.",177761,404622,REPUBLICAN
1988,SOUTH CAROLINA,SC,45,57,48,"BUSH, GEORGE H.W.",606443,986009,REPUBLICAN
1988,SOUTH CAROLINA,SC,45,57,48,"DUKAKIS, MICHAEL",370554,986009,DEMOCRAT
1988,SOUTH DAKOTA,SD,46,45,37,"BUSH, GEORGE H.W.",165415,312991,REPUBLICAN
1988,SOUTH DAKOTA,SD,46,45,37,"DUKAKIS, MICHAEL",145560,312991,DEMOCRAT
1988,TENNESSEE,TN,47,62,54,"BUSH, GEORGE H.W.",947233,1636250,REPUBLICAN
1988,TENNESSEE,TN,47,62,54,"DUKAKIS, MICHAEL",679794,1636250,DEMOCRAT
1988,TEXAS,TX,48,74,49,"BUSH, GEORGE H.W.",3036829,5427410,REPUBLICAN
1988,TEXAS,TX,48,74,49,"DUKAKIS, MICHAEL",2352748,5427410,DEMOCRAT
1988,UTAH,UT,49,87,67,"BUSH, GEORGE H.W.",428442,647008,REPUBLICAN
1988,UTAH,UT,49,87,67,"DUKAKIS, MICHAEL",207343,647008,DEMOCRAT
1988,VERMONT,VT,50,13,6,"BUSH, GEORGE H.W.",124331,243328,REPUBLICAN
1988,VERMONT,VT,50,13,6,"DUKAKIS, MICHAEL",115775,243328,DEMOCRAT
1988,VIRGINIA,VA,51,54,40,"BUSH, GEORGE H.W.",1309162,2191609,REPUBLICAN
1988,VIRGINIA,VA,51,54,40,"DUKAKIS, MICHAEL",859799,2191609,DEMOCRAT
1988,WASHINGTON,WA,53,91,73,"DUKAKIS, MICHAEL",933516,1865253,DEMOCRAT
1988,WASHINGTON,WA,53,91,73,"BUSH, GEORGE H.W.",903835,1865253,REPUBLICAN
1988,WEST VIRGINIA,WV,54,55,56,"DUKAKIS, MICHAEL",341016,653311,DEMOCRAT
1988,WEST VIRGINIA,WV,54,55,56,"BUSH, GEORGE H.W.",310065,653311,REPUBLICAN
1988,WISCONSIN,WI,55,35,25,"DUKAKIS, MICHAEL",1126794,2191608,DEMOCRAT
1988,WISCONSIN,WI,55,35,25,"BUSH, GEORGE H.W.",1047499,2191608,REPUBLICAN
1988,WYOMING,WY,56,83,68,"BUSH, GEORGE H.W.",106867,176551,REPUBLICAN
1988,WYOMING,WY,56,83,68,"DUKAKIS, MICHAEL",67113,176551,DEMOCRAT
1992,ALABAMA,AL,1,63,41,"BUSH, GEORGE H.W.",804283,1688060,REPUBLICAN
1992,ALABAMA,AL,1,63,41,"CLINTON, BILL",690080,1688060,DEMOCRAT
1992,ALASKA,AK,2,94,81,"BUSH, GEORGE H.W.",102000,258506,REPUBLICAN
1992,ALASKA,AK,2,94,81,"CLINTON, BILL",78294,258506,DEMOCRAT
1992,ARIZONA,AZ,4,86,61,"BUSH, GEORGE H.W.",572086,1486975,REPUBLICAN
1992,ARIZONA,AZ,4,86,61,"CLINTON, BILL",543050,1486975,DEMOCRAT
1992,ARKANSAS,AR,5,71,42,"CLINTON, BILL",505823,950653,DEMOCRAT
1992,ARKANSAS,AR,5,71,42,"BUSH, GEORGE H.W.",337324,950653,REPUBLICAN
1992,CALIFORNIA,CA,6,93,71,"CLINTON, BILL",5121325,11131721,DEMOCRAT
1992,CALIFORNIA,CA,6,93,71,"BUSH, GEORGE H.W.",3630574,11131721,REPUBLICAN
1992,COLORADO,CO,8,84,62,"CLINTON, BILL",629681,1569180,DEMOCRAT
1992,COLORADO,CO,8,84,62,"BUSH, GEORGE H.W.",562850,1569180,REPUBLICAN
1992,CONNECTICUT,CT,9,16,1,"CLINTON, BILL",682318,1616156,DEMOCRAT
1992,CONNECTICUT,CT,9,16,1,"BUSH, GEORGE H.W.",578313,1616156,REPUBLICAN
1992,DELAWARE,DE,10,51,11,"CLINTON, BILL",126054,289620,DEMOCRAT
1992,DELAWARE,DE,10,51,11,"BUSH, GEORGE H.W.",102313,289620,REPUBLICAN
1992,DISTRICT OF COLUMBIA,DC,11,53,55,"CLINTON, BILL",192619,227572,DEMOCRAT
1992,DISTRICT OF COLUMBIA,DC,11,53,55,"BUSH, GEORGE H.W.",20698,227572,REPUBLICAN
1992,FLORIDA,FL,12,59,43,"BUSH, GEORGE H.W.",2173310,5313392,REPUBLICAN
1992,FLORIDA,FL,12,59,43,"CLINTON, BILL",2071698,5313392,DEMOCRAT
1992,GEORGIA,GA,13,58,44,"CLINTON, BILL",1008966,2321133,DEMOCRAT
1992,GEORGIA,GA,13,58,44,"BUSH, GEORGE H.W.",995252,2321133,REPUBLICAN
1992,HAWAII,HI,15,95,82,"CLINTON, BILL",179310,372842,DEMOCRAT
1992,HAWAII,HI,15,95,82,"BUSH, GEORGE H.W.",136822,372842,REPUBLICAN
1992,IDAHO,ID,16,82,63,"BUSH, GEORGE H.W.",202645,482114,REPUBLICAN
1992,IDAHO,ID,16,82,63,"CLINTON, BILL",137013,482114,DEMOCRAT
1992,ILLINOIS,IL,17,33,21,"CLINTON, BILL",2453350,5050157,DEMOCRAT
1992,ILLINOIS,IL,17,33,21,"BUSH, GEORGE H.W.",1734096,5050157,REPUBLICAN
1992,INDIANA,IN,18,32,22,"BUSH, GEORGE H.W.",989375,2305871,REPUBLICAN
1992,INDIANA,IN,18,32,22,"CLINTON, BILL",848420,2305871,DEMOCRAT
1992,IOWA,IA,19,42,31,"CLINTON, BILL",586353,1354607,DEMOCRAT
1992,IOWA,IA,19,42,31,"BUSH, GEORGE H.W.",504891,1354607,REPUBLICAN
1992,KANSAS,KS,20,47,32,"BUSH, GEORGE H.W.",449951,1157236,REPUBLICAN
1992,KANSAS,KS,20,47,32,"CLINTON, BILL",390434,1157236,DEMOCRAT
1992,KENTUCKY,KY,21,61,51,"CLINTON, BILL",665104,1492900,DEMOCRAT
1992,KENTUCKY,KY,21,61,51,"BUSH, GEORGE H.W.",617178,1492900,REPUBLICAN
1992,LOUISIANA,LA,22,72,45,"CLINTON, BILL",815971,1790017,DEMOCRAT
1992,LOUISIANA,LA,22,72,45,"BUSH, GEORGE H.W.",733386,1790017,REPUBLICAN
1992,MAINE,ME,23,11,2,"CLINTON, BILL",263420,679499,DEMOCRAT
1992,MAINE,ME,23,11,2,"BUSH, GEORGE H.W.",206504,679499,REPUBLICAN
1992,MARYLAND,MD,24,52,52,"CLINTON, BILL",988571,1984580,DEMOCRAT
1992,MARYLAND,MD,24,52,52,"BUSH, GEORGE H.W.",707094,1984580,REPUBLICAN
1992,MASSACHUSETTS,MA,25,14,3,"CLINTON, BILL",1318639,2773664,DEMOCRAT
1992,MASSACHUSETTS,MA,25,14,3,"BUSH, GEORGE H.W.",805039,2773664,REPUBLICAN
1992,MICHIGAN,MI,26,34,23,"CLINTON, BILL",1871182,4274673,DEMOCRAT
1992,MICHIGAN,MI,26,34,23,"BUSH, GEORGE H.W.",1554940,4274673,REPUBLICAN
1992,MINNESOTA,MN,27,41,33,"CLINTON, BILL",1020997,2347948,DEMOCRAT
1992,MINNESOTA,MN,27,41,33,"BUSH, GEORGE H.W.",747841,2347948,REPUBLICAN
1992,MISSISSIPPI,MS,28,64,46,"BUSH, GEORGE H.W.",487793,981793,REPUBLICAN
1992,MISSISSIPPI,MS,28,64,46,"CLINTON, BILL",400258,981793,DEMOCRAT
1992,MISSOURI,MO,29,43,34,"CLINTON, BILL",1053873,2391270,DEMOCRAT
1992,MISSOURI,MO,29,43,34,"BUSH, GEORGE H.W.",811159,2391270,REPUBLICAN
1992,MONTANA,MT,30,81,64,"CLINTON, BILL",154507,410583,DEMOCRAT
1992,MONTANA,MT,30,81,64,"BUSH, GEORGE H.W.",144207,410583,REPUBLICAN
1992,NEBRASKA,NE,31,46,35,"BUSH, GEORGE H.W.",343678,737546,REPUBLICAN
1992,NEBRASKA,NE,31,46,35,"CLINTON, BILL",216864,737546,DEMOCRAT
1992,NEVADA,NV,32,88,65,"CLINTON, BILL",189148,506318,DEMOCRAT
1992,NEVADA,NV,32,88,65,"BUSH, GEORGE H.W.",175828,506318,REPUBLICAN
1992,NEW HAMPSHIRE,NH,33,12,4,"CLINTON, BILL",209040,537215,DEMOCRAT
1992,NEW HAMPSHIRE,NH,33,12,4,"BUSH, GEORGE H.W.",202484,537215,REPUBLICAN
1992,NEW JERSEY,NJ,34,22,12,"CLINTON, BILL",1436206,3343594,DEMOCRAT
1992,NEW JERSEY,NJ,34,22,12,"BUSH, GEORGE H.W.",1356865,3343594,REPUBLICAN
1992,NEW MEXICO,NM,35,85,66,"CLINTON, BILL",261617,569986,DEMOCRAT
1992,NEW MEXICO,NM,35,85,66,"BUSH, GEORGE H.W.",212824,569986,REPUBLICAN
1992,NEW YORK,NY,36,21,13,"CLINTON, BILL",3444450,7079432,DEMOCRAT
1992,NEW YORK,NY,36,21,13,"BUSH, GEORGE H.W.",2346649,7079432,REPUBLICAN
1992,NORTH CAROLINA,NC,37,56,47,"BUSH, GEORGE H.W.",1134661,2611850,REPUBLICAN
1992,NORTH CAROLINA,NC,37,56,47,"CLINTON, BILL",1114042,2611850,DEMOCRAT
1992,NORTH DAKOTA,ND,38,44,36,"BUSH, GEORGE H.W.",136244,308133,REPUBLICAN
1992,NORTH DAKOTA,ND,38,44,36,"CLINTON, BILL",99168,308133,DEMOCRAT
1992,OHIO,OH,39,31,24,"CLINTON, BILL",1984942,4939967,DEMOCRAT
1992,OHIO,OH,39,31,24,"BUSH, GEORGE H.W.",1894310,4939967,REPUBLICAN
1992,OKLAHOMA,OK,40,73,53,"BUSH, GEORGE H.W.",592929,1390359,REPUBLICAN
1992,OKLAHOMA,OK,40,73,53,"CLINTON, BILL",473066,1390359,DEMOCRAT
1992,OREGON,OR,41,92,72,"CLINTON, BILL",621314,1462643,DEMOCRAT
1992,OREGON,OR,41,92,72,"BUSH, GEORGE H.W.",475757,1462643,REPUBLICAN
1992,PENNSYLVANIA,PA,42,23,14,"CLINTON, BILL",2239164,4959810,DEMOCRAT
1992,PENNSYLVANIA,PA,42,23,14,"BUSH, GEORGE H.W.",1791841,4959810,REPUBLICAN
1992,RHODE ISLAND,RI,44,15,5,"CLINTON, BILL",213299,453365,DEMOCRAT
1992,RHODE ISLAND,RI,44,15,5,"BUSH, GEORGE H.W.",131601,453365,REPUBLICAN
1992,SOUTH CAROLINA,SC,45,57,48,"BUSH, GEORGE H.W.",577507,1228912,REPUBLICAN
1992,SOUTH CAROLINA,SC,45,57,48,"CLINTON, BILL",525514,1228912,DEMOCRAT
1992,SOUTH DAKOTA,SD,46,45,37,"BUSH, GEORGE H.W.",136718,336254,REPUBLICAN
1992,SOUTH DAKOTA,SD,46,45,37,"CLINTON, BILL",124888,336254,DEMOCRAT
1992,TENNESSEE,TN,47,62,54,"CLINTON, BILL",933521,1982638,DEMOCRAT
1992,TENNESSEE,TN,47,62,54,"BUSH, GEORGE H.W.",841300,1982638,REPUBLICAN
1992,TEXAS,TX,48,74,49,"BUSH, GEORGE H.W.",2496071,6154018,REPUBLICAN
1992,TEXAS,TX,48,74,49,"CLINTON, BILL",2281815,6154018,DEMOCRAT
1992,UTAH,UT,49,87,67,"BUSH, GEORGE H.W.",322632,743998,REPUBLICAN
1992,UTAH,UT,49,87,67,"CLINTON, BILL",183429,743998,DEMOCRAT
1992,VERMONT,VT,50,13,6,"CLINTON, BILL",133592,289701,DEMOCRAT
1992,VERMONT,VT,50,13,6,"BUSH, GEORGE H.W.",88122,289701,REPUBLICAN
1992,VIRGINIA,VA,51,54,40,"BUSH, GEORGE H.W.",1150517,2559129,REPUBLICAN
1992,VIRGINIA,VA,51,54,40,"CLINTON, BILL",1038650,2559129,DEMOCRAT
1992,WASHINGTON,WA,53,91,73,"CLINTON, BILL",993037,2287565,DEMOCRAT
1992,WASHINGTON,WA,53,91,73,"BUSH, GEORGE H.W.",731234,2287565,REPUBLICAN
1992,WEST VIRGINIA,WV,54,55,56,"CLINTON, BILL",331001,683677,DEMOCRAT
1992,WEST VIRGINIA,WV,54,55,56,"BUSH, GEORGE H.W.",241974,683677,REPUBLICAN
1992,WISCONSIN,WI,55,35,25,"CLINTON, BILL",1041066,2531064,DEMOCRAT
1992,WISCONSIN,WI,55,35,25,"BUSH, GEORGE H.W.",930855,2531064,REPUBLICAN
1992,WYOMING,WY,56,83,68,"BUSH, GEORGE H.W.",79347,199884,REPUBLICAN
1992,WYOMING,WY,56,83,68,"CLINTON, BILL",68160,199884,DEMOCRAT
1996,ALABAMA,AL,1,63,41,"DOLE, ROBERT",769044,1534349,REPUBLICAN
1996,ALABAMA,AL,1,63,41,"CLINTON, BILL",662165,1534349,DEMOCRAT
1996,ALASKA,AK,2,94,81,"DOLE, ROBERT",122746,241620,REPUBLICAN
1996,ALASKA,AK,2,94,81,"CLINTON, BILL",80380,241620,DEMOCRAT
1996,ARIZONA,AZ,4,86,61,"CLINTON, BILL",653288,1404405,DEMOCRAT
1996,ARIZONA,AZ,4,86,61,"DOLE, ROBERT",622073,1404405,REPUBLICAN
1996,ARKANSAS,AR,5,71,42,"CLINTON, BILL",475171,884262,DEMOCRAT
1996,ARKANSAS,AR,5,71,42,"DOLE, ROBERT",325416,884262,REPUBLICAN
1996,CALIFORNIA,CA,6,93,71,"CLINTON, BILL",5119835,10019469,DEMOCRAT
1996,CALIFORNIA,CA,6,93,71,"DOLE, ROBERT",3828381,10019469,REPUBLICAN
1996,COLORADO,CO,8,84,62,"DOLE, ROBERT",691848,1510702,REPUBLICAN
1996,COLORADO,CO,8,84,62,"CLINTON, BILL",671152,1510702,DEMOCRAT
1996,CONNECTICUT,CT,9,16,1,"CLINTON, BILL",735740,1392614,DEMOCRAT
1996,CONNECTICUT,CT,9,16,1,"DOLE, ROBERT",483109,1392614,REPUBLICAN
1996,DELAWARE,DE,10,51,11,"CLINTON, BILL",140355,270810,DEMOCRAT
1996,DELAWARE,DE,10,51,11,"DOLE, ROBERT",99062,270810,REPUBLICAN
1996,DISTRICT OF COLUMBIA,DC,11,53,55,"CLINTON, BILL",158220,185726,DEMOCRAT
1996,DISTRICT OF COLUMBIA,DC,11,53,55,"DOLE, ROBERT",17339,185726,REPUBLICAN
1996,FLORIDA,FL,12,59,43,"CLINTON, BILL",2546870,5303154,DEMOCRAT
1996,FLORIDA,FL,12,59,43,"DOLE, ROBERT",2244536,5303154,REPUBLICAN
1996,GEORGIA,GA,13,58,44,"DOLE, ROBERT",1080843,2298899,REPUBLICAN
1996,GEORGIA,GA,13,58,44,"CLINTON, BILL",1053849,2298899,DEMOCRAT
1996,HAWAII,HI,15,95,82,"CLINTON, BILL",205012,360120,DEMOCRAT
1996,HAWAII,HI,15,95,82,"DOLE, ROBERT",113943,360120,REPUBLICAN
1996,IDAHO,ID,16,82,63,"DOLE, ROBERT",256595,491711,REPUBLICAN
1996,IDAHO,ID,16,82,63,"CLINTON, BILL",165443,491711,DEMOCRAT
1996,ILLINOIS,IL,17,33,21,"CLINTON, BILL",2341744,4311391,DEMOCRAT
1996,ILLINOIS,IL,17,33,21,"DOLE, ROBERT",1587021,4311391,REPUBLICAN
1996,INDIANA,IN,18,32,22,"DOLE, ROBERT",1006693,2135431,REPUBLICAN
1996,INDIANA,IN,18,32,22,"CLINTON, BILL",887424,2135431,DEMOCRAT
1996,IOWA,IA,19,42,31,"CLINTON, BILL",620258,1234075,DEMOCRAT
1996,IOWA,IA,19,42,31,"DOLE, ROBERT",492644,1234075,REPUBLICAN
1996,KANSAS,KS,20,47,32,"DOLE, ROBERT",583245,1074300,REPUBLICAN
1996,KANSAS,KS,20,47,32,"CLINTON, BILL",387659,1074300,DEMOCRAT
1996,KENTUCKY,KY,21,61,51,"CLINTON, BILL",636614,1388708,DEMOCRAT
1996,KENTUCKY,KY,21,61,51,"DOLE, ROBERT",623283,1388708,REPUBLICAN
1996,LOUISIANA,LA,22,72,45,"CLINTON, BILL",927837,1783959,DEMOCRAT
1996,LOUISIANA,LA,22,72,45,"DOLE, ROBERT",712586,1783959,REPUBLICAN
1996,MAINE,ME,23,11,2,"CLINTON, BILL",312788,605897,DEMOCRAT
1996,MAINE,ME,23,11,2,"DOLE, ROBERT",186378,605897,REPUBLICAN
1996,MARYLAND,MD,24,52,52,"CLINTON, BILL",966207,1780870,DEMOCRAT
1996,MARYLAND,MD,24,52,52,"DOLE, ROBERT",681530,1780870,REPUBLICAN
1996,MASSACHUSETTS,MA,25,14,3,"CLINTON, BILL",1571509,2556459,DEMOCRAT
1996,MASSACHUSETTS,MA,25,14,3,"DOLE, ROBERT",718058,2556459,REPUBLICAN
1996,MICHIGAN,MI,26,34,23,"CLINTON, BILL",1989653,3848844,DEMOCRAT
1996,MICHIGAN,MI,26,34,23,"DOLE, ROBERT",1481212,3848844,REPUBLICAN
1996,MINNESOTA,MN,27,41,33,"CLINTON, BILL",1120380,2192492,DEMOCRAT
1996,MINNESOTA,MN,27,41,33,"DOLE, ROBERT",766395,2192492,REPUBLICAN
1996,MISSISSIPPI,MS,28,64,46,"DOLE, ROBERT",439838,893857,REPUBLICAN
1996,MISSISSIPPI,MS,28,64,46,"CLINTON, BILL",394022,893857,DEMOCRAT
1996,MISSOURI,MO,29,43,34,"CLINTON, BILL",1025935,2158065,DEMOCRAT
1996,MISSOURI,MO,29,43,34,"DOLE, ROBERT",890016,2158065,REPUBLICAN
1996,MONTANA,MT,30,81,64,"DOLE, ROBERT",179652,407083,REPUBLICAN
1996,MONTANA,MT,30,81,64,"CLINTON, BILL",167922,407083,DEMOCRAT
1996,NEBRASKA,NE,31,46,35,"DOLE, ROBERT",363467,677415,REPUBLICAN
1996,NEBRASKA,NE,31,46,35,"CLINTON, BILL",236761,677415,DEMOCRAT
1996,NEVADA,NV,32,88,65,"CLINTON, BILL",203974,464279,DEMOCRAT
1996,NEVADA,NV,32,88,65,"DOLE, ROBERT",199244,464279,REPUBLICAN
1996,NEW HAMPSHIRE,NH,33,12,4,"CLINTON, BILL",246166,496597,DEMOCRAT
1996,NEW HAMPSHIRE,NH,33,12,4,"DOLE, ROBERT",196486,496597,REPUBLICAN
1996,NEW JERSEY,NJ,34,22,12,"CLINTON, BILL",1652361,3075860,DEMOCRAT
1996,NEW JERSEY,NJ,34,22,12,"DOLE, ROBERT",1103099,3075860,REPUBLICAN
1996,NEW MEXICO,NM,35,85,66,"CLINTON, BILL",273495,556074,DEMOCRAT
1996,NEW MEXICO,NM,35,85,66,"DOLE, ROBERT",232751,556074,REPUBLICAN
1996,NEW YORK,NY,36,21,13,"CLINTON, BILL",3756177,6439129,DEMOCRAT
1996,NEW YORK,NY,36,21,13,"DOLE, ROBERT",1933492,6439129,REPUBLICAN
1996,NORTH CAROLINA,NC,37,56,47,"DOLE, ROBERT",1225938,2515807,REPUBLICAN
1996,NORTH CAROLINA,NC,37,56,47,"CLINTON, BILL",1107849,2515807,DEMOCRAT
1996,NORTH DAKOTA,ND,38,44,36,"DOLE, ROBERT",125050,266411,REPUBLICAN
1996,NORTH DAKOTA,ND,38,44,36,"CLINTON, BILL",106905,266411,DEMOCRAT
1996,OHIO,OH,39,31,24,"CLINTON, BILL",2148222,4534434,DEMOCRAT
1996,OHIO,OH,39,31,24,"DOLE, ROBERT",1859883,4534434,REPUBLICAN
1996,OKLAHOMA,OK,40,73,53,"DOLE, ROBERT",582315,1206713,REPUBLICAN
1996,OKLAHOMA,OK,40,73,53,"CLINTON, BILL",488105,1206713,DEMOCRAT
1996,OREGON,OR,41,92,72,"CLINTON, BILL",649641,1377760,DEMOCRAT
1996,OREGON,OR,41,92,72,"DOLE, ROBERT",538152,1377760,REPUBLICAN
1996,PENNSYLVANIA,PA,42,23,14,"CLINTON, BILL",2215819,4501307,DEMOCRAT
1996,PENNSYLVANIA,PA,42,23,14,"DOLE, ROBERT",1801169,4501307,REPUBLICAN
1996,RHODE ISLAND,RI,44,15,5,"CLINTON, BILL",233050,390247,DEMOCRAT
1996,RHODE ISLAND,RI,44,15,5,"DOLE, ROBERT",104683,390247,REPUBLICAN
1996,SOUTH CAROLINA,SC,45,57,48,"DOLE, ROBERT",573339,1150182,REPUBLICAN
1996,SOUTH CAROLINA,SC,45,57,48,"CLINTON, BILL",506152,1150182,DEMOCRAT
1996,SOUTH DAKOTA,SD,46,45,37,"DOLE, ROBERT",150543,323826,REPUBLICAN
1996,SOUTH DAKOTA,SD,46,45,37,"CLINTON, BILL",139333,323826,DEMOCRAT
1996,TENNESSEE,TN,47,62,54,"CLINTON, BILL",909146,1894105,DEMOCRAT
1996,TENNESSEE,TN,47,62,54,"DOLE, ROBERT",863530,1894105,REPUBLICAN
1996,TEXAS,TX,48,74,49,"DOLE, ROBERT",2736167,5611644,REPUBLICAN
1996,TEXAS,TX,48,74,49,"CLINTON, BILL",2459683,5611644,DEMOCRAT
1996,UTAH,UT,49,87,67,"DOLE, ROBERT",361911,665629,REPUBLICAN
1996,UTAH,UT,49,87,67,"CLINTON, BILL",221633,665629,DEMOCRAT
1996,VERMONT,VT,50,13,6,"CLINTON, BILL",137894,258449,DEMOCRAT
1996,VERMONT,VT,50,13,6,"DOLE, ROBERT",80352,258449,REPUBLICAN
1996,VIRGINIA,VA,51,54,40,"DOLE, ROBERT",1138350,2416642,REPUBLICAN
1996,VIRGINIA,VA,51,54,40,"CLINTON, BILL",1091060,2416642,DEMOCRAT
1996,WASHINGTON,WA,53,91,73,"CLINTON, BILL",1123323,2253837,DEMOCRAT
1996,WASHINGTON,WA,53,91,73,"DOLE, ROBERT",840712,2253837,REPUBLICAN
1996,WEST VIRGINIA,WV,54,55,56,"CLINTON, BILL",327812,636459,DEMOCRAT
1996,WEST VIRGINIA,WV,54,55,56,"DOLE, ROBERT",233946,636459,REPUBLICAN
1996,WISCONSIN,WI,55,35,25,"CLINTON, BILL",1071971,2196169,DEMOCRAT
1996,WISCONSIN,WI,55,35,25,"DOLE, ROBERT",845029,2196169,REPUBLICAN
1996,WYOMING,WY,56,83,68,"DOLE, ROBERT",105388,211571,REPUBLICAN
1996,WYOMING,WY,56,83,68,"CLINTON, BILL",77934,211571,DEMOCRAT
2000,ALABAMA,AL,1,63,41,"BUSH, GEORGE W.",941173,1666272,REPUBLICAN
2000,ALABAMA,AL,1,63,41,"GORE, AL",692611,1666272,DEMOCRAT
2000,ALASKA,AK,2,94,81,"BUSH, GEORGE W.",167398,285560,REPUBLICAN
2000,ALASKA,AK,2,94,81,"GORE, AL",79004,285560,DEMOCRAT
2000,ARIZONA,AZ,4,86,61,"BUSH, GEORGE W.",781652,1532016,REPUBLICAN
2000,ARIZONA,AZ,4,86,61,"GORE, AL",685341,1532016,DEMOCRAT
2000,ARKANSAS,AR,5,71,42,"BUSH, GEORGE W.",472940,921781,REPUBLICAN
2000,ARKANSAS,AR,5,71,42,"GORE, AL",422768,921781,DEMOCRAT
2000,CALIFORNIA,CA,6,93,71,"GORE, AL",5861203,10965822,DEMOCRAT
2000,CALIFORNIA,CA,6,93,71,"BUSH, GEORGE W.",4567429,10965822,REPUBLICAN
2000,COLORADO,CO,8,84,62,"BUSH, GEORGE W.",883748,1741368,REPUBLICAN
2000,COLORADO,CO,8,84,62,"GORE, AL",738227,1741368,DEMOCRAT
2000,CONNECTICUT,CT,9,16,1,"GORE, AL",816015,1459525,DEMOCRAT
2000,CONNECTICUT,CT,9,16,1,"BUSH, GEORGE W.",561094,1459525,REPUBLICAN
2000,DELAWARE,DE,10,51,11,"GORE, AL",180068,327529,DEMOCRAT
2000,DELAWARE,DE,10,51,11,"BUSH, GEORGE W.",137288,327529,REPUBLICAN
2000,DISTRICT OF COLUMBIA,DC,11,53,55,"GORE, AL",171923,201894,DEMOCRAT
2000,DISTRICT OF COLUMBIA,DC,11,53,55,"BUSH, GEORGE W.",18073,201894,REPUBLICAN
2000,FLORIDA,FL,12,59,43,"BUSH, GEORGE W.",2912790,5963110,REPUBLICAN
2000,FLORIDA,FL,12,59,43,"GORE, AL",2912253,5963110,DEMOCRAT
2000,GEORGIA,GA,13,58,44,"BUSH, GEORGE W.",1419720,2583208,REPUBLICAN
2000,GEORGIA,GA,13,58,44,"GORE, AL",1116230,2583208,DEMOCRAT
2000,HAWAII,HI,15,95,82,"GORE, AL",205286,367951,DEMOCRAT
2000,HAWAII,HI,15,95,82,"BUSH, GEORGE W.",137845,367951,REPUBLICAN
2000,IDAHO,ID,16,82,63,"BUSH, GEORGE W.",336937,501615,REPUBLICAN
2000,IDAHO,ID,16,82,63,"GORE, AL",138637,501615,DEMOCRAT
2000,ILLINOIS,IL,17,33,21,"GORE, AL",2589026,4742108,DEMOCRAT
2000,ILLINOIS,IL,17,33,21,"BUSH, GEORGE W.",2019421,4742108,REPUBLICAN
2000,INDIANA,IN,18,32,22,"BUSH, GEORGE W.",1245836,2199302,REPUBLICAN
2000,INDIANA,IN,18,32,22,"GORE, AL",901980,2199302,DEMOCRAT
2000,IOWA,IA,19,42,31,"GORE, AL",638517,1353022,DEMOCRAT
2000,IOWA,IA,19,42,31,"BUSH, GEORGE W.",634373,1353022,REPUBLICAN
2000,KANSAS,KS,20,47,32,"BUSH, GEORGE W.",622332,1072216,REPUBLICAN
2000,KANSAS,KS,20,47,32,"GORE, AL",399276,1072216,DEMOCRAT
2000,KENTUCKY,KY,21,61,51,"BUSH, GEORGE W.",872520,1544106,REPUBLICAN
2000,KENTUCKY,KY,21,61,51,"GORE, AL",638923,1544106,DEMOCRAT
2000,LOUISIANA,LA,22,72,45,"BUSH, GEORGE W.",927871,1765656,REPUBLICAN
2000,LOUISIANA,LA,22,72,45,"GORE, AL",792344,1765656,DEMOCRAT
2000,MAINE,ME,23,11,2,"GORE, AL",319951,651817,DEMOCRAT
2000,MAINE,ME,23,11,2,"BUSH, GEORGE W.",286616,651817,REPUBLICAN
2000,MARYLAND,MD,24,52,52,"GORE, AL",1144008,2025212,DEMOCRAT
2000,MARYLAND,MD,24,52,52,"BUSH, GEORGE W.",813827,2025212,REPUBLICAN
2000,MASSACHUSETTS,MA,25,14,3,"GORE, AL",1616487,2733964,DEMOCRAT
2000,MASSACHUSETTS,MA,25,14,3,"BUSH, GEORGE W.",878502,2733964,REPUBLICAN
2000,MICHIGAN,MI,26,34,23,"GORE, AL",2170418,4232501,DEMOCRAT
2000,MICHIGAN,MI,26,34,23,"BUSH, GEORGE W.",1953139,4232501,REPUBLICAN
2000,MINNESOTA,MN,27,41,33,"GORE, AL",1168266,2438685,DEMOCRAT
2000,MINNESOTA,MN,27,41,33,"BUSH, GEORGE W.",1109659,2438685,REPUBLICAN
2000,MISSISSIPPI,MS,28,64,46,"BUSH, GEORGE W.",572844,994184,REPUBLICAN
2000,MISSISSIPPI,MS,28,64,46,"GORE, AL",404614,994184,DEMOCRAT
2000,MISSOURI,MO,29,43,34,"BUSH, GEORGE W.",1189924,2359892,REPUBLICAN
2000,MISSOURI,MO,29,43,34,"GORE, AL",1111138,2359892,DEMOCRAT
2000,MONTANA,MT,30,81,64,"BUSH, GEORGE W.",240178,410986,REPUBLICAN
2000,MONTANA,MT,30,81,64,"GORE, AL",137126,410986,DEMOCRAT
2000,NEBRASKA,NE,31,46,35,"BUSH, GEORGE W.",433862,697019,REPUBLICAN
2000,NEBRASKA,NE,31,46,35,"GORE, AL",231780,697019,DEMOCRAT
2000,NEVADA,NV,32,88,65,"BUSH, GEORGE W.",301575,609426,REPUBLICAN
2000,NEVADA,NV,32,88,65,"GORE, AL",279978,609426,DEMOCRAT
2000,NEW HAMPSHIRE,NH,33,12,4,"BUSH, GEORGE W.",273559,569081,REPUBLICAN
2000,NEW HAMPSHIRE,NH,33,12,4,"GORE, AL",266348,569081,DEMOCRAT
2000,NEW JERSEY,NJ,34,22,12,"GORE, AL",1788850,3187226,DEMOCRAT
2000,NEW JERSEY,NJ,34,22,12,"BUSH, GEORGE W.",1284173,3187226,REPUBLICAN
2000,NEW MEXICO,NM,35,85,66,"GORE, AL",286783,598605,DEMOCRAT
2000,NEW MEXICO,NM,35,85,66,"BUSH, GEORGE W.",286417,598605,REPUBLICAN
2000,NEW YORK,NY,36,21,13,"GORE, AL",4107697,6960215,DEMOCRAT
2000,NEW YORK,NY,36,21,13,"BUSH, GEORGE W.",2403374,6960215,REPUBLICAN
2000,NORTH CAROLINA,NC,37,56,47,"BUSH, GEORGE W.",1631163,2914990,REPUBLICAN
2000,NORTH CAROLINA,NC,37,56,47,"GORE, AL",1257692,2914990,DEMOCRAT
2000,NORTH DAKOTA,ND,38,44,36,"BUSH, GEORGE W.",174852,288256,REPUBLICAN
2000,NORTH DAKOTA,ND,38,44,36,"GORE, AL",95284,288256,DEMOCRAT
2000,OHIO,OH,39,31,24,"BUSH, GEORGE W.",2350363,4701998,REPUBLICAN
2000,OHIO,OH,39,31,24,"GORE, AL",2183628,4701998,DEMOCRAT
2000,OKLAHOMA,OK,40,73,53,"BUSH, GEORGE W.",744337,1234229,REPUBLICAN
2000,OKLAHOMA,OK,40,73,53,"GORE, AL",474276,1234229,DEMOCRAT
2000,OREGON,OR,41,92,72,"GORE, AL",720342,1533950,DEMOCRAT
2000,OREGON,OR,41,92,72,"BUSH, GEORGE W.",713577,1533950,REPUBLICAN
2000,PENNSYLVANIA,PA,42,23,14,"GORE, AL",2485967,4912185,DEMOCRAT
2000,PENNSYLVANIA,PA,42,23,14,"BUSH, GEORGE W.",2281127,4912185,REPUBLICAN
2000,RHODE ISLAND,RI,44,15,5,"GORE, AL",249508,409112,DEMOCRAT
2000,RHODE ISLAND,RI,44,15,5,"BUSH, GEORGE W.",130555,409112,REPUBLICAN
2000,SOUTH CAROLINA,SC,45,57,48,"BUSH, GEORGE W.",786892,1383902,REPUBLICAN
2000,SOUTH CAROLINA,SC,45,57,48,"GORE, AL",566037,1383902,DEMOCRAT
2000,SOUTH DAKOTA,SD,46,45,37,"BUSH, GEORGE W.",190700,316269,REPUBLICAN
2000,SOUTH DAKOTA,SD,46,45,37,"GORE, AL",118804,316269,DEMOCRAT
2000,TENNESSEE,TN,47,62,54,"BUSH, GEORGE W.",1061949,2076181,REPUBLICAN
2000,TENNESSEE,TN,47,62,54,"GORE, AL",981720,2076181,DEMOCRAT
2000,TEXAS,TX,48,74,49,"BUSH, GEORGE W.",3799639,6407637,REPUBLICAN
2000,TEXAS,TX,48,74,49,"GORE, AL",2433746,6407637,DEMOCRAT
2000,UTAH,UT,49,87,67,"BUSH, GEORGE W.",515096,770754,REPUBLICAN
2000,UTAH,UT,49,87,67,"GORE, AL",203053,770754,DEMOCRAT
2000,VERMONT,VT,50,13,6,"GORE, AL",149022,294308,DEMOCRAT
2000,VERMONT,VT,50,13,6,"BUSH, GEORGE W.",119775,294308,REPUBLICAN
2000,VIRGINIA,VA,51,54,40,"BUSH, GEORGE W.",1437490,2739447,REPUBLICAN
2000,VIRGINIA,VA,51,54,40,"GORE, AL",1217290,2739447,DEMOCRAT
2000,WASHINGTON,WA,53,91,73,"GORE, AL",1247652,2487433,DEMOCRAT
2000,WASHINGTON,WA,53,91,73,"BUSH, GEORGE W.",1108864,2487433,REPUBLICAN
2000,WEST VIRGINIA,WV,54,55,56,"BUSH, GEORGE W.",336475,648124,REPUBLICAN
2000,WEST VIRGINIA,WV,54,55,56,"GORE, AL",295497,648124,DEMOCRAT
2000,WISCONSIN,WI,55,35,25,"GORE, AL",1242987,2598607,DEMOCRAT
2000,WISCONSIN,WI,55,35,25,"BUSH, GEORGE W.",1237279,2598607,REPUBLICAN
2000,WYOMING,WY,56,83,68,"BUSH, GEORGE W.",147947,213726,REPUBLICAN
2000,WYOMING,WY,56,83,68,"GORE, AL",60481,213726,DEMOCRAT
2004,ALABAMA,AL,1,63,41,"BUSH, GEORGE W.",1176394,1883415,REPUBLICAN
2004,ALABAMA,AL,1,63,41,"KERRY, JOHN",693933,1883415,DEMOCRAT
2004,ALASKA,AK,2,94,81,"BUSH, GEORGE W.",190889,312598,REPUBLICAN
2004,ALASKA,AK,2,94,81,"KERRY, JOHN",111025,312598,DEMOCRAT
2004,ARIZONA,AZ,4,86,61,"BUSH, GEORGE W.",1104294,2012585,REPUBLICAN
2004,ARIZONA,AZ,4,86,61,"KERRY, JOHN",893524,2012585,DEMOCRAT
2004,ARKANSAS,AR,5,71,42,"BUSH, GEORGE W.",572898,1054945,REPUBLICAN
2004,ARKANSAS,AR,5,71,42,"KERRY, JOHN",469953,1054945,DEMOCRAT
2004,CALIFORNIA,CA,6,93,71,"KERRY, JOHN",6745485,12421353,DEMOCRAT
2004,CALIFORNIA,CA,6,93,71,"BUSH, GEORGE W.",5509826,12421353,REPUBLICAN
2004,COLORADO,CO,8,84,62,"BUSH, GEORGE W.",1101255,2129630,REPUBLICAN
2004,COLORADO,CO,8,84,62,"KERRY, JOHN",1001732,2129630,DEMOCRAT
2004,CONNECTICUT,CT,9,16,1,"KERRY, JOHN",857488,1578769,DEMOCRAT
2004,CONNECTICUT,CT,9,16,1,"BUSH, GEORGE W.",693826,1578769,REPUBLICAN
2004,DELAWARE,DE,10,51,11,"KERRY, JOHN",200152,375190,DEMOCRAT
2004,DELAWARE,DE,10,51,11,"BUSH, GEORGE W.",171660,375190,REPUBLICAN
2004,DISTRICT OF COLUMBIA,DC,11,53,55,"KERRY, JOHN",202970,227586,DEMOCRAT
2004,DISTRICT OF COLUMBIA,DC,11,53,55,"BUSH, GEORGE W.",21256,227586,REPUBLICAN
2004,FLORIDA,FL,12,59,43,"BUSH, GEORGE W.",3964522,7609810,REPUBLICAN
2004,FLORIDA,FL,12,59,43,"KERRY, JOHN",3583544,7609810,DEMOCRAT
2004,GEORGIA,GA,13,58,44,"BUSH, GEORGE W.",1914254,3301875,REPUBLICAN
2004,GEORGIA,GA,13,58,44,"KERRY, JOHN",1366149,3301875,DEMOCRAT
2004,HAWAII,HI,15,95,82,"KERRY, JOHN",231708,429013,DEMOCRAT
2004,HAWAII,HI,15,95,82,"BUSH, GEORGE W.",194191,429013,REPUBLICAN
2004,IDAHO,ID,16,82,63,"BUSH, GEORGE W.",409235,598376,REPUBLICAN
2004,IDAHO,ID,16,82,63,"KERRY, JOHN",181098,598376,DEMOCRAT
2004,ILLINOIS,IL,17,33,21,"KERRY, JOHN",2891550,5274322,DEMOCRAT
2004,ILLINOIS,IL,17,33,21,"BUSH, GEORGE W.",2345946,5274322,REPUBLICAN
2004,INDIANA,IN,18,32,22,"BUSH, GEORGE W.",1479438,2468002,REPUBLICAN
2004,INDIANA,IN,18,32,22,"KERRY, JOHN",969011,2468002,DEMOCRAT
2004,IOWA,IA,19,42,31,"BUSH, GEORGE W.",751957,1506908,REPUBLICAN
2004,IOWA,IA,19,42,31,"KERRY, JOHN",741898,1506908,DEMOCRAT
2004,KANSAS,KS,20,47,32,"BUSH, GEORGE W.",736456,1187756,REPUBLICAN
2004,KANSAS,KS,20,47,32,"KERRY, JOHN",434993,1187756,DEMOCRAT
2004,KENTUCKY,KY,21,61,51,"BUSH, GEORGE W.",1069439,1795882,REPUBLICAN
2004,KENTUCKY,KY,21,61,51,"KERRY, JOHN",712733,1795882,DEMOCRAT
2004,LOUISIANA,LA,22,72,45,"BUSH, GEORGE W.",1102169,1943106,REPUBLICAN
2004,LOUISIANA,LA,22,72,45,"KERRY, JOHN",820299,1943106,DEMOCRAT
2004,MAINE,ME,23,11,2,"KERRY, JOHN",396842,740752,DEMOCRAT
2004,MAINE,ME,23,11,2,"BUSH, GEORGE W.",330201,740752,REPUBLICAN
2004,MARYLAND,MD,24,52,52,"KERRY, JOHN",1334493,2384238,DEMOCRAT
2004,MARYLAND,MD,24,52,52,"BUSH, GEORGE W.",1024703,2384238,REPUBLICAN
2004,MASSACHUSETTS,MA,25,14,3,"KERRY, JOHN",1803800,2927455,DEMOCRAT
2004,MASSACHUSETTS,MA,25,14,3,"BUSH, GEORGE W.",1071109,2927455,REPUBLICAN
2004,MICHIGAN,MI,26,34,23,"KERRY, JOHN",2479183,4839252,DEMOCRAT
2004,MICHIGAN,MI,26,34,23,"BUSH, GEORGE W.",2313746,4839252,REPUBLICAN
2004,MINNESOTA,MN,27,41,33,"KERRY, JOHN",1445014,2828387,DEMOCRAT
2004,MINNESOTA,MN,27,41,33,"BUSH, GEORGE W.",1346695,2828387,REPUBLICAN
2004,MISSISSIPPI,MS,28,64,46,"BUSH, GEORGE W.",672660,1139824,REPUBLICAN
2004,MISSISSIPPI,MS,28,64,46,"KERRY, JOHN",457766,1139824,DEMOCRAT
2004,MISSOURI,MO,29,43,34,"BUSH, GEORGE W.",1455713,2731364,REPUBLICAN
2004,MISSOURI,MO,29,43,34,"KERRY, JOHN",1259171,2731364,DEMOCRAT
2004,MONTANA,MT,30,81,64,"BUSH, GEORGE W.",266063,450434,REPUBLICAN
2004,MONTANA,MT,30,81,64,"KERRY, JOHN",173710,450434,DEMOCRAT
2004,NEBRASKA,NE,31,46,35,"BUSH, GEORGE W.",512814,778186,REPUBLICAN
2004,NEBRASKA,NE,31,46,35,"KERRY, JOHN",254328,778186,DEMOCRAT
2004,NEVADA,NV,32,88,65,"BUSH, GEORGE W.",418690,829587,REPUBLICAN
2004,NEVADA,NV,32,88,65,"KERRY, JOHN",397190,829587,DEMOCRAT
2004,NEW HAMPSHIRE,NH,33,12,4,"KERRY, JOHN",340511,678287,DEMOCRAT
2004,NEW HAMPSHIRE,NH,33,12,4,"BUSH, GEORGE W.",331237,678287,REPUBLICAN
2004,NEW JERSEY,NJ,34,22,12,"KERRY, JOHN",1911430,3611691,DEMOCRAT
2004,NEW JERSEY,NJ,34,22,12,"BUSH, GEORGE W.",1670003,3611691,REPUBLICAN
2004,NEW MEXICO,NM,35,85,66,"BUSH, GEORGE W.",376930,756304,REPUBLICAN
2004,NEW MEXICO,NM,35,85,66,"KERRY, JOHN",370942,756304,DEMOCRAT
2004,NEW YORK,NY,36,21,13,"KERRY, JOHN",4314280,7448266,DEMOCRAT
2004,NEW YORK,NY,36,21,13,"BUSH, GEORGE W.",2962567,7448266,REPUBLICAN
2004,NORTH CAROLINA,NC,37,56,47,"BUSH, GEORGE W.",1961166,3501007,REPUBLICAN
2004,NORTH CAROLINA,NC,37,56,47,"KERRY, JOHN",1525849,3501007,DEMOCRAT
2004,NORTH DAKOTA,ND,38,44,36,"BUSH, GEORGE W.",196651,312833,REPUBLICAN
2004,NORTH DAKOTA,ND,38,44,36,"KERRY, JOHN",111052,312833,DEMOCRAT
2004,OHIO,OH,39,31,24,"BUSH, GEORGE W.",2859764,5627903,REPUBLICAN
2004,OHIO,OH,39,31,24,"KERRY, JOHN",2741165,5627903,DEMOCRAT
2004,OKLAHOMA,OK,40,73,53,"BUSH, GEORGE W.",959792,1463758,REPUBLICAN
2004,OKLAHOMA,OK,40,73,53,"KERRY, JOHN",503966,1463758,DEMOCRAT
2004,OREGON,OR,41,92,72,"KERRY, JOHN",943163,1836782,DEMOCRAT
2004,OREGON,OR,41,92,72,"BUSH, GEORGE W.",866831,1836782,REPUBLICAN
2004,PENNSYLVANIA,PA,42,23,14,"KERRY, JOHN",2938095,5769590,DEMOCRAT
2004,PENNSYLVANIA,PA,42,23,14,"BUSH, GEORGE W.",2793847,5769590,REPUBLICAN
2004,RHODE ISLAND,RI,44,15,5,"KERRY, JOHN",259760,437134,DEMOCRAT
2004,RHODE ISLAND,RI,44,15,5,"BUSH, GEORGE W.",169046,437134,REPUBLICAN
2004,SOUTH CAROLINA,SC,45,57,48,"BUSH, GEORGE W.",937974,1617700,REPUBLICAN
2004,SOUTH CAROLINA,SC,45,57,48,"KERRY, JOHN",661669,1617700,DEMOCRAT
2004,SOUTH DAKOTA,SD,46,45,37,"BUSH, GEORGE W.",232584,388215,REPUBLICAN
2004,SOUTH DAKOTA,SD,46,45,37,"KERRY, JOHN",149244,388215,DEMOCRAT
2004,TENNESSEE,TN,47,62,54,"BUSH, GEORGE W.",1384375,2437319,REPUBLICAN
2004,TENNESSEE,TN,47,62,54,"KERRY, JOHN",1036477,2437319,DEMOCRAT
2004,TEXAS,TX,48,74,49,"BUSH, GEORGE W.",4526917,7410749,REPUBLICAN
2004,TEXAS,TX,48,74,49,"KERRY, JOHN",2832704,7410749,DEMOCRAT
2004,UTAH,UT,49,87,67,"BUSH, GEORGE W.",663742,927844,REPUBLICAN
2004,UTAH,UT,49,87,67,"KERRY, JOHN",241199,927844,DEMOCRAT
2004,VERMONT,VT,50,13,6,"KERRY, JOHN",184067,312309,DEMOCRAT
2004,VERMONT,VT,50,13,6,"BUSH, GEORGE W.",121180,312309,REPUBLICAN
2004,VIRGINIA,VA,51,54,40,"BUSH, GEORGE W.",1716959,3195415,REPUBLICAN
2004,VIRGINIA,VA,51,54,40,"KERRY, JOHN",1454742,3195415,DEMOCRAT
2004,WASHINGTON,WA,53,91,73,"KERRY, JOHN",1510201,2859084,DEMOCRAT
2004,WASHINGTON,WA,53,91,73,"BUSH, GEORGE W.",1304894,2859084,REPUBLICAN
2004,WEST VIRGINIA,WV,54,55,56,"BUSH, GEORGE W.",423778,755792,REPUBLICAN
2004,WEST VIRGINIA,WV,54,55,56,"KERRY, JOHN",326541,755792,DEMOCRAT
2004,WISCONSIN,WI,55,35,25,"KERRY, JOHN",1489504,2997007,DEMOCRAT
2004,WISCONSIN,WI,55,35,25,"BUSH, GEORGE W.",1478120,2997007,REPUBLICAN
2004,WYOMING,WY,56,83,68,"BUSH, GEORGE W.",167629,243861,REPUBLICAN
2004,WYOMING,WY,56,83,68,"KERRY, JOHN",70776,243861,DEMOCRAT
2008,ALABAMA,AL,1,63,41,"MCCAIN, JOHN",1266546,2099819,REPUBLICAN
2008,ALABAMA,AL,1,63,41,"OBAMA, BARACK H.",813479,2099819,DEMOCRAT
2008,ALASKA,AK,2,94,81,"MCCAIN, JOHN",193841,326197,REPUBLICAN
2008,ALASKA,AK,2,94,81,"OBAMA, BARACK H.",123594,326197,DEMOCRAT
2008,ARIZONA,AZ,4,86,61,"MCCAIN, JOHN",1230111,2293475,REPUBLICAN
2008,ARIZONA,AZ,4,86,61,"OBAMA, BARACK H.",1034707,2293475,DEMOCRAT
2008,ARKANSAS,AR,5,71,42,"MCCAIN, JOHN",638017,1086617,REPUBLICAN
2008,ARKANSAS,AR,5,71,42,"OBAMA, BARACK H.",422310,1086617,DEMOCRAT
2008,CALIFORNIA,CA,6,93,71,"OBAMA, BARACK H.",8274473,13561900,DEMOCRAT
2008,CALIFORNIA,CA,6,93,71,"MCCAIN, JOHN",5011781,13561900,REPUBLICAN
2008,COLORADO,CO,8,84,62,"OBAMA, BARACK H.",1288576,2401361,DEMOCRAT
2008,COLORADO,CO,8,84,62,"MCCAIN, JOHN",1073589,2401361,REPUBLICAN
2008,CONNECTICUT,CT,9,16,1,"OBAMA, BARACK H.",997772,1646792,DEMOCRAT
2008,CONNECTICUT,CT,9,16,1,"MCCAIN, JOHN",629428,1646792,REPUBLICAN
2008,DELAWARE,DE,10,51,11,"OBAMA, BARACK H.",255459,412412,DEMOCRAT
2008,DELAWARE,DE,10,51,11,"MCCAIN, JOHN",152374,412412,REPUBLICAN
2008,DISTRICT OF COLUMBIA,DC,11,53,55,"OBAMA, BARACK H.",245800,265853,DEMOCRAT
2008,DISTRICT OF COLUMBIA,DC,11,53,55,"MCCAIN, JOHN",17367,265853,REPUBLICAN
2008,FLORIDA,FL,12,59,43,"OBAMA, BARACK H.",4282074,8390744,DEMOCRAT
2008,FLORIDA,FL,12,59,43,"MCCAIN, JOHN",4045624,8390744,REPUBLICAN
2008,GEORGIA,GA,13,58,44,"MCCAIN, JOHN",2048759,3924486,REPUBLICAN
2008,GEORGIA,GA,13,58,44,"OBAMA, BARACK H.",1844123,3924486,DEMOCRAT
2008,HAWAII,HI,15,95,82,"OBAMA, BARACK H.",325871,456064,DEMOCRAT
2008,HAWAII,HI,15,95,82,"MCCAIN, JOHN",120566,456064,REPUBLICAN
2008,IDAHO,ID,16,82,63,"MCCAIN, JOHN",403012,655122,REPUBLICAN
2008,IDAHO,ID,16,82,63,"OBAMA, BARACK H.",236440,655122,DEMOCRAT
2008,ILLINOIS,IL,17,33,21,"OBAMA, BARACK H.",3419348,5522371,DEMOCRAT
2008,ILLINOIS,IL,17,33,21,"MCCAIN, JOHN",2031179,5522371,REPUBLICAN
2008,INDIANA,IN,18,32,22,"OBAMA, BARACK H.",1374039,2751054,DEMOCRAT
2008,INDIANA,IN,18,32,22,"MCCAIN, JOHN",1345648,2751054,REPUBLICAN
2008,IOWA,IA,19,42,31,"OBAMA, BARACK H.",828940,1537123,DEMOCRAT
2008,IOWA,IA,19,42,31,"MCCAIN, JOHN",682379,1537123,REPUBLICAN
2008,KANSAS,KS,20,47,32,"MCCAIN, JOHN",699655,1235872,REPUBLICAN
2008,KANSAS,KS,20,47,32,"OBAMA, BARACK H.",514765,1235872,DEMOCRAT
2008,KENTUCKY,KY,21,61,51,"MCCAIN, JOHN",1048462,1826620,REPUBLICAN
2008,KENTUCKY,KY,21,61,51,"OBAMA, BARACK H.",751985,1826620,DEMOCRAT
2008,LOUISIANA,LA,22,72,45,"MCCAIN, JOHN",1148275,1960761,REPUBLICAN
2008,LOUISIANA,LA,22,72,45,"OBAMA, BARACK H.",782989,1960761,DEMOCRAT
2008,MAINE,ME,23,11,2,"OBAMA, BARACK H.",421923,731163,DEMOCRAT
2008,MAINE,ME,23,11,2,"MCCAIN, JOHN",295273,731163,REPUBLICAN
2008,MARYLAND,MD,24,52,52,"OBAMA, BARACK H.",1629467,2631596,DEMOCRAT
2008,MARYLAND,MD,24,52,52,"MCCAIN, JOHN",959862,2631596,REPUBLICAN
2008,MASSACHUSETTS,MA,25,14,3,"OBAMA, BARACK H.",1904097,3102995,DEMOCRAT
2008,MASSACHUSETTS,MA,25,14,3,"MCCAIN, JOHN",1108854,3102995,REPUBLICAN
2008,MICHIGAN,MI,26,34,23,"OBAMA, BARACK H.",2872579,5001596,DEMOCRAT
2008,MICHIGAN,MI,26,34,23,"MCCAIN, JOHN",2048639,5001596,REPUBLICAN
2008,MINNESOTA,MN,27,41,33,"OBAMA, BARACK H.",1573354,2910369,DEMOCRAT
2008,MINNESOTA,MN,27,41,33,"MCCAIN, JOHN",1275409,2910369,REPUBLICAN
2008,MISSISSIPPI,MS,28,64,46,"MCCAIN, JOHN",724597,1289865,REPUBLICAN
2008,MISSISSIPPI,MS,28,64,46,"OBAMA, BARACK H.",554662,1289865,DEMOCRAT
2008,MISSOURI,MO,29,43,34,"MCCAIN, JOHN",1445814,2925205,REPUBLICAN
2008,MISSOURI,MO,29,43,34,"OBAMA, BARACK H.",1441911,2925205,DEMOCRAT
2008,MONTANA,MT,30,81,64,"MCCAIN, JOHN",242763,490109,REPUBLICAN
2008,MONTANA,MT,30,81,64,"OBAMA, BARACK H.",231667,490109,DEMOCRAT
2008,NEBRASKA,NE,31,46,35,"MCCAIN, JOHN",452979,801281,REPUBLICAN
2008,NEBRASKA,NE,31,46,35,"OBAMA, BARACK H.",333319,801281,DEMOCRAT
2008,NEVADA,NV,32,88,65,"OBAMA, BARACK H.",533736,967848,DEMOCRAT
2008,NEVADA,NV,32,88,65,"MCCAIN, JOHN",412827,967848,REPUBLICAN
2008,NEW HAMPSHIRE,NH,33,12,4,"OBAMA, BARACK H.",384826,710970,DEMOCRAT
2008,NEW HAMPSHIRE,NH,33,12,4,"MCCAIN, JOHN",316534,710970,REPUBLICAN
2008,NEW JERSEY,NJ,34,22,12,"OBAMA, BARACK H.",2215422,3868237,DEMOCRAT
2008,NEW JERSEY,NJ,34,22,12,"MCCAIN, JOHN",1613207,3868237,REPUBLICAN
2008,NEW MEXICO,NM,35,85,66,"OBAMA, BARACK H.",472422,830158,DEMOCRAT
2008,NEW MEXICO,NM,35,85,66,"MCCAIN, JOHN",346832,830158,REPUBLICAN
2008,NEW YORK,NY,36,21,13,"OBAMA, BARACK H.",4804945,7722019,DEMOCRAT
2008,NEW YORK,NY,36,21,13,"MCCAIN, JOHN",2752771,7722019,REPUBLICAN
2008,NORTH CAROLINA,NC,37,56,47,"OBAMA, BARACK H.",2142651,4310851,DEMOCRAT
2008,NORTH CAROLINA,NC,37,56,47,"MCCAIN, JOHN",2128474,4310851,REPUBLICAN
2008,NORTH DAKOTA,ND,38,44,36,"MCCAIN, JOHN",168601,316621,REPUBLICAN
2008,NORTH DAKOTA,ND,38,44,36,"OBAMA, BARACK H.",141278,316621,DEMOCRAT
2008,OHIO,OH,39,31,24,"OBAMA, BARACK H.",2940044,5708350,DEMOCRAT
2008,OHIO,OH,39,31,24,"MCCAIN, JOHN",2677820,5708350,REPUBLICAN
2008,OKLAHOMA,OK,40,73,53,"MCCAIN, JOHN",960165,1462661,REPUBLICAN
2008,OKLAHOMA,OK,40,73,53,"OBAMA, BARACK H.",502496,1462661,DEMOCRAT
2008,OREGON,OR,41,92,72,"OBAMA, BARACK H.",1037291,1827864,DEMOCRAT
2008,OREGON,OR,41,92,72,"MCCAIN, JOHN",738475,1827864,REPUBLICAN
2008,PENNSYLVANIA,PA,42,23,14,"OBAMA, BARACK H.",3276363,6013272,DEMOCRAT
2008,PENNSYLVANIA,PA,42,23,14,"MCCAIN, JOHN",2655885,6013272,REPUBLICAN
2008,RHODE ISLAND,RI,44,15,5,"OBAMA, BARACK H.",296571,471766,DEMOCRAT
2008,RHODE ISLAND,RI,44,15,5,"MCCAIN, JOHN",165391,471766,REPUBLICAN
2008,SOUTH CAROLINA,SC,45,57,48,"MCCAIN, JOHN",1034896,1920969,REPUBLICAN
2008,SOUTH CAROLINA,SC,45,57,48,"OBAMA, BARACK H.",862449,1920969,DEMOCRAT
2008,SOUTH DAKOTA,SD,46,45,37,"MCCAIN, JOHN",203054,381975,REPUBLICAN
2008,SOUTH DAKOTA,SD,46,45,37,"OBAMA, BARACK H.",170924,381975,DEMOCRAT
2008,TENNESSEE,TN,47,62,54,"MCCAIN, JOHN",1479178,2599749,REPUBLICAN
2008,TENNESSEE,TN,47,62,54,"OBAMA, BARACK H.",1087437,2599749,DEMOCRAT
2008,TEXAS,TX,48,74,49,"MCCAIN, JOHN",4479328,8077795,REPUBLICAN
2008,TEXAS,TX,48,74,49,"OBAMA, BARACK H.",3528633,8077795,DEMOCRAT
2008,UTAH,UT,49,87,67,"MCCAIN, JOHN",596030,952370,REPUBLICAN
2008,UTAH,UT,49,87,67,"OBAMA, BARACK H.",327670,952370,DEMOCRAT
2008,VERMONT,VT,50,13,6,"OBAMA, BARACK H.",219262,325046,DEMOCRAT
2008,VERMONT,VT,50,13,6,"MCCAIN, JOHN",98974,325046,REPUBLICAN
2008,VIRGINIA,VA,51,54,40,"OBAMA, BARACK H.",1959532,3723260,DEMOCRAT
2008,VIRGINIA,VA,51,54,40,"MCCAIN, JOHN",1725005,3723260,REPUBLICAN
2008,WASHINGTON,WA,53,91,73,"OBAMA, BARACK H.",1750848,3036878,DEMOCRAT
2008,WASHINGTON,WA,53,91,73,"MCCAIN, JOHN",1229216,3036878,REPUBLICAN
2008,WEST VIRGINIA,WV,54,55,56,"MCCAIN, JOHN",397466,713451,REPUBLICAN
2008,WEST VIRGINIA,WV,54,55,56,"OBAMA, BARACK H.",303857,713451,DEMOCRAT
2008,WISCONSIN,WI,55,35,25,"OBAMA, BARACK H.",1677211,2983417,DEMOCRAT
2008,WISCONSIN,WI,55,35,25,"MCCAIN, JOHN",1262393,2983417,REPUBLICAN
2008,WYOMING,WY,56,83,68,"MCCAIN, JOHN",164958,254904,REPUBLICAN
2008,WYOMING,WY,56,83,68,"OBAMA, BARACK H.",82868,254904,DEMOCRAT
2012,ALABAMA,AL,1,63,41,"ROMNEY, MITT",1255925,2074338,REPUBLICAN
2012,ALABAMA,AL,1,63,41,"OBAMA, BARACK H.",795696,2074338,DEMOCRAT
2012,ALASKA,AK,2,94,81,"ROMNEY, MITT",164676,300495,REPUBLICAN
2012,ALASKA,AK,2,94,81,"OBAMA, BARACK H.",122640,300495,DEMOCRAT
2012,ARIZONA,AZ,4,86,61,"ROMNEY, MITT",1233654,2299254,REPUBLICAN
2012,ARIZONA,AZ,4,86,61,"OBAMA, BARACK H.",1025232,2299254,DEMOCRAT
2012,ARKANSAS,AR,5,71,42,"ROMNEY, MITT",647744,1069468,REPUBLICAN
2012,ARKANSAS,AR,5,71,42,"OBAMA, BARACK H.",394409,1069468,DEMOCRAT
2012,CALIFORNIA,CA,6,93,71,"OBAMA, BARACK H.",7854285,13038547,DEMOCRAT
2012,CALIFORNIA,CA,6,93,71,"ROMNEY, MITT",4839958,13038547,REPUBLICAN
2012,COLORADO,CO,8,84,62,"OBAMA, BARACK H.",1323101,2569516,DEMOCRAT
2012,COLORADO,CO,8,84,62,"ROMNEY, MITT",1185243,2569516,REPUBLICAN
2012,CONNECTICUT,CT,9,16,1,"OBAMA, BARACK H.",905083,1558204,DEMOCRAT
2012,CONNECTICUT,CT,9,16,1,"ROMNEY, MITT",634892,1558204,REPUBLICAN
2012,DELAWARE,DE,10,51,11,"OBAMA, BARACK H.",242584,413890,DEMOCRAT
2012,DELAWARE,DE,10,51,11,"ROMNEY, MITT",165484,413890,REPUBLICAN
2012,DISTRICT OF COLUMBIA,DC,11,53,55,"OBAMA, BARACK H.",267070,293764,DEMOCRAT
2012,DISTRICT OF COLUMBIA,DC,11,53,55,"ROMNEY, MITT",21381,293764,REPUBLICAN
2012,FLORIDA,FL,12,59,43,"OBAMA, BARACK H.",4237756,8474179,DEMOCRAT
2012,FLORIDA,FL,12,59,43,"ROMNEY, MITT",4163447,8474179,REPUBLICAN
2012,GEORGIA,GA,13,58,44,"ROMNEY, MITT",2078688,3897839,REPUBLICAN
2012,GEORGIA,GA,13,58,44,"OBAMA, BARACK H.",1773827,3897839,DEMOCRAT
2012,HAWAII,HI,15,95,82,"OBAMA, BARACK H.",306658,437159,DEMOCRAT
2012,HAWAII,HI,15,95,82,"ROMNEY, MITT",121015,437159,REPUBLICAN
2012,IDAHO,ID,16,82,63,"ROMNEY, MITT",420911,652274,REPUBLICAN
2012,IDAHO,ID,16,82,63,"OBAMA, BARACK H.",212787,652274,DEMOCRAT
2012,ILLINOIS,IL,17,33,21,"OBAMA, BARACK H.",3019512,5242014,DEMOCRAT
2012,ILLINOIS,IL,17,33,21,"ROMNEY, MITT",2135216,5242014,REPUBLICAN
2012,INDIANA,IN,18,32,22,"ROMNEY, MITT",1420543,2624534,REPUBLICAN
2012,INDIANA,IN,18,32,22,"OBAMA, BARACK H.",1152887,2624534,DEMOCRAT
2012,IOWA,IA,19,42,31,"OBAMA, BARACK H.",822544,1582180,DEMOCRAT
2012,IOWA,IA,19,42,31,"ROMNEY, MITT",730617,1582180,REPUBLICAN
2012,KANSAS,KS,20,47,32,"ROMNEY, MITT",692634,1159971,REPUBLICAN
2012,KANSAS,KS,20,47,32,"OBAMA, BARACK H.",440726,1159971,DEMOCRAT
2012,KENTUCKY,KY,21,61,51,"ROMNEY, MITT",1087190,1797212,REPUBLICAN
2012,KENTUCKY,KY,21,61,51,"OBAMA, BARACK H.",679370,1797212,DEMOCRAT
2012,LOUISIANA,LA,22,72,45,"ROMNEY, MITT",1152262,1994065,REPUBLICAN
2012,LOUISIANA,LA,22,72,45,"OBAMA, BARACK H.",809141,1994065,DEMOCRAT
2012,MAINE,ME,23,11,2,"OBAMA, BARACK H.",401306,724758,DEMOCRAT
2012,MAINE,ME,23,11,2,"ROMNEY, MITT",292276,724758,REPUBLICAN
2012,MARYLAND,MD,24,52,52,"OBAMA, BARACK H.",1677844,2707327,DEMOCRAT
2012,MARYLAND,MD,24,52,52,"ROMNEY, MITT",971869,2707327,REPUBLICAN
2012,MASSACHUSETTS,MA,25,14,3,"OBAMA, BARACK H.",1921290,3184196,DEMOCRAT
2012,MASSACHUSETTS,MA,25,14,3,"ROMNEY, MITT",1188314,3184196,REPUBLICAN
2012,MICHIGAN,MI,26,34,23,"OBAMA, BARACK H.",2564569,4730961,DEMOCRAT
2012,MICHIGAN,MI,26,34,23,"ROMNEY, MITT",2115256,4730961,REPUBLICAN
2012,MINNESOTA,MN,27,41,33,"OBAMA, BARACK H.",1546167,2936561,DEMOCRAT
2012,MINNESOTA,MN,27,41,33,"ROMNEY, MITT",1320225,2936561,REPUBLICAN
2012,MISSISSIPPI,MS,28,64,46,"ROMNEY, MITT",710746,1285584,REPUBLICAN
2012,MISSISSIPPI,MS,28,64,46,"OBAMA, BARACK H.",562949,1285584,DEMOCRAT
2012,MISSOURI,MO,29,43,34,"ROMNEY, MITT",1482440,2757323,REPUBLICAN
2012,MISSOURI,MO,29,43,34,"OBAMA, BARACK H.",1223796,2757323,DEMOCRAT
2012,MONTANA,MT,30,81,64,"ROMNEY, MITT",267928,484048,REPUBLICAN
2012,MONTANA,MT,30,81,64,"OBAMA, BARACK H.",201839,484048,DEMOCRAT
2012,NEBRASKA,NE,31,46,35,"ROMNEY, MITT",475064,794379,REPUBLICAN
2012,NEBRASKA,NE,31,46,35,"OBAMA, BARACK H.",302081,794379,DEMOCRAT
2012,NEVADA,NV,32,88,65,"OBAMA, BARACK H.",531373,1014918,DEMOCRAT
2012,NEVADA,NV,32,88,65,"ROMNEY, MITT",463567,1014918,REPUBLICAN
2012,NEW HAMPSHIRE,NH,33,12,4,"OBAMA, BARACK H.",369561,710972,DEMOCRAT
2012,NEW HAMPSHIRE,NH,33,12,4,"ROMNEY, MITT",329918,710972,REPUBLICAN
2012,NEW JERSEY,NJ,34,22,12,"OBAMA, BARACK H.",2122786,3638499,DEMOCRAT
2012,NEW JERSEY,NJ,34,22,12,"ROMNEY, MITT",1478088,3638499,REPUBLICAN
2012,NEW MEXICO,NM,35,85,66,"OBAMA, BARACK H.",415335,783758,DEMOCRAT
2012,NEW MEXICO,NM,35,85,66,"ROMNEY, MITT",335788,783758,REPUBLICAN
2012,NEW YORK,NY,36,21,13,"OBAMA, BARACK H.",4471871,7116784,DEMOCRAT
2012,NEW YORK,NY,36,21,13,"ROMNEY, MITT",2485432,7116784,REPUBLICAN
2012,NORTH CAROLINA,NC,37,56,47,"ROMNEY, MITT",2270395,4505372,REPUBLICAN
2012,NORTH CAROLINA,NC,37,56,47,"OBAMA, BARACK H.",2178391,4505372,DEMOCRAT
2012,NORTH DAKOTA,ND,38,44,36,"ROMNEY, MITT",188320,322932,REPUBLICAN
2012,NORTH DAKOTA,ND,38,44,36,"OBAMA, BARACK H.",124966,322932,DEMOCRAT
2012,OHIO,OH,39,31,24,"OBAMA, BARACK H.",2827621,5580822,DEMOCRAT
2012,OHIO,OH,39,31,24,"ROMNEY, MITT",2661407,5580822,REPUBLICAN
2012,OKLAHOMA,OK,40,73,53,"ROMNEY, MITT",891325,1334872,REPUBLICAN
2012,OKLAHOMA,OK,40,73,53,"OBAMA, BARACK H.",443547,1334872,DEMOCRAT
2012,OREGON,OR,41,92,72,"OBAMA, BARACK H.",970488,1789270,DEMOCRAT
2012,OREGON,OR,41,92,72,"ROMNEY, MITT",754175,1789270,REPUBLICAN
2012,PENNSYLVANIA,PA,42,23,14,"OBAMA, BARACK H.",2990274,5742040,DEMOCRAT
2012,PENNSYLVANIA,PA,42,23,14,"ROMNEY, MITT",2680434,5742040,REPUBLICAN
2012,RHODE ISLAND,RI,44,15,5,"OBAMA, BARACK H.",279677,446049,DEMOCRAT
2012,RHODE ISLAND,RI,44,15,5,"ROMNEY, MITT",157204,446049,REPUBLICAN
2012,SOUTH CAROLINA,SC,45,57,48,"ROMNEY, MITT",1071645,1964118,REPUBLICAN
2012,SOUTH CAROLINA,SC,45,57,48,"OBAMA, BARACK H.",865941,1964118,DEMOCRAT
2012,SOUTH DAKOTA,SD,46,45,37,"ROMNEY, MITT",210610,363815,REPUBLICAN
2012,SOUTH DAKOTA,SD,46,45,37,"OBAMA, BARACK H.",145039,363815,DEMOCRAT
2012,TENNESSEE,TN,47,62,54,"ROMNEY, MITT",1462330,2458577,REPUBLICAN
2012,TENNESSEE,TN,47,62,54,"OBAMA, BARACK H.",960709,2458577,DEMOCRAT
2012,TEXAS,TX,48,74,49,"ROMNEY, MITT",4569843,7993851,REPUBLICAN
2012,TEXAS,TX,48,74,49,"OBAMA, BARACK H.",3308124,7993851,DEMOCRAT
2012,UTAH,UT,49,87,67,"ROMNEY, MITT",740600,1017440,REPUBLICAN
2012,UTAH,UT,49,87,67,"OBAMA, BARACK H.",251813,1017440,DEMOCRAT
2012,VERMONT,VT,50,13,6,"OBAMA, BARACK H.",199239,299290,DEMOCRAT
2012,VERMONT,VT,50,13,6,"ROMNEY, MITT",92698,299290,REPUBLICAN
2012,VIRGINIA,VA,51,54,40,"OBAMA, BARACK H.",1971820,3854489,DEMOCRAT
2012,VIRGINIA,VA,51,54,40,"ROMNEY, MITT",1822522,3854489,REPUBLICAN
2012,WASHINGTON,WA,53,91,73,"OBAMA, BARACK H.",1755396,3125516,DEMOCRAT
2012,WASHINGTON,WA,53,91,73,"ROMNEY, MITT",1290670,3125516,REPUBLICAN
2012,WEST VIRGINIA,WV,54,55,56,"ROMNEY, MITT",417655,670438,REPUBLICAN
2012,WEST VIRGINIA,WV,54,55,56,"OBAMA, BARACK H.",238269,670438,DEMOCRAT
2012,WISCONSIN,WI,55,35,25,"OBAMA, BARACK H.",1620985,3071434,DEMOCRAT
2012,WISCONSIN,WI,55,35,25,"ROMNEY, MITT",1410966,3071434,REPUBLICAN
2012,WYOMING,WY,56,83,68,"ROMNEY, MITT",170962,250701,REPUBLICAN
2012,WYOMING,WY,56,83,68,"OBAMA, BARACK H.",69286,250701,DEMOCRAT
2016,ALABAMA,AL,1,63,41,"TRUMP, DONALD J.",1318255,2123372,REPUBLICAN
2016,ALABAMA,AL,1,63,41,"CLINTON, HILLARY",729547,2123372,DEMOCRAT
2016,ALASKA,AK,2,94,81,"TRUMP, DONALD J.",163387,318608,REPUBLICAN
2016,ALASKA,AK,2,94,81,"CLINTON, HILLARY",116454,318608,DEMOCRAT
2016,ARIZONA,AZ,4,86,61,"TRUMP, DONALD J.",1252401,2573165,REPUBLICAN
2016,ARIZONA,AZ,4,86,61,"CLINTON, HILLARY",1161167,2573165,DEMOCRAT
2016,ARKANSAS,AR,5,71,42,"TRUMP, DONALD J.",684872,1130635,REPUBLICAN
2016,ARKANSAS,AR,5,71,42,"CLINTON, HILLARY",380494,1130635,DEMOCRAT
2016,CALIFORNIA,CA,6,93,71,"CLINTON, HILLARY",8753788,14181595,DEMOCRAT
2016,CALIFORNIA,CA,6,93,71,"TRUMP, DONALD J.",4483810,14181595,REPUBLICAN
2016,COLORADO,CO,8,84,62,"CLINTON, HILLARY",1338870,2780220,DEMOCRAT
2016,COLORADO,CO,8,84,62,"TRUMP, DONALD J.",1202484,2780220,REPUBLICAN
2016,CONNECTICUT,CT,9,16,1,"CLINTON, HILLARY",897572,1644920,DEMOCRAT
2016,CONNECTICUT,CT,9,16,1,"TRUMP, DONALD J.",673215,1644920,REPUBLICAN
2016,DELAWARE,DE,10,51,11,"CLINTON, HILLARY",235603,441590,DEMOCRAT
2016,DELAWARE,DE,10,51,11,"TRUMP, DONALD J.",185127,441590,REPUBLICAN
2016,DISTRICT OF COLUMBIA,DC,11,53,55,"CLINTON, HILLARY",282830,312575,DEMOCRAT
2016,DISTRICT OF COLUMBIA,DC,11,53,55,"TRUMP, DONALD J.",12723,312575,REPUBLICAN
2016,FLORIDA,FL,12,59,43,"TRUMP, DONALD J.",4617886,9420039,REPUBLICAN
2016,FLORIDA,FL,12,59,43,"CLINTON, HILLARY",4504975,9420039,DEMOCRAT
2016,GEORGIA,GA,13,58,44,"TRUMP, DONALD J.",2089104,4114732,REPUBLICAN
2016,GEORGIA,GA,13,58,44,"CLINTON, HILLARY",1877963,4114732,DEMOCRAT
2016,HAWAII,HI,15,95,82,"CLINTON, HILLARY",266891,437664,DEMOCRAT
2016,HAWAII,HI,15,95,82,"TRUMP, DONALD J.",128847,437664,REPUBLICAN
2016,IDAHO,ID,16,82,63,"TRUMP, DONALD J.",409055,690255,REPUBLICAN
2016,IDAHO,ID,16,82,63,"CLINTON, HILLARY",189765,690255,DEMOCRAT
2016,ILLINOIS,IL,17,33,21,"CLINTON, HILLARY",3090729,5536424,DEMOCRAT
2016,ILLINOIS,IL,17,33,21,"TRUMP, DONALD J.",2146015,5536424,REPUBLICAN
2016,INDIANA,IN,18,32,22,"TRUMP, DONALD J.",1557286,2734958,REPUBLICAN
2016,INDIANA,IN,18,32,22,"CLINTON, HILLARY",1033126,2734958,DEMOCRAT
2016,IOWA,IA,19,42,31,"TRUMP, DONALD J.",800983,1565580,REPUBLICAN
2016,IOWA,IA,19,42,31,"CLINTON, HILLARY",653669,1565580,DEMOCRAT
2016,KANSAS,KS,20,47,32,"TRUMP, DONALD J.",671018,1184402,REPUBLICAN
2016,KANSAS,KS,20,47,32,"CLINTON, HILLARY",427005,1184402,DEMOCRAT
2016,KENTUCKY,KY,21,61,51,"TRUMP, DONALD J.",1202971,1924149,REPUBLICAN
2016,KENTUCKY,KY,21,61,51,"CLINTON, HILLARY",628854,1924149,DEMOCRAT
2016,LOUISIANA,LA,22,72,45,"TRUMP, DONALD J.",1178638,2029032,REPUBLICAN
2016,LOUISIANA,LA,22,72,45,"CLINTON, HILLARY",780154,2029032,DEMOCRAT
2016,MAINE,ME,23,11,2,"CLINTON, HILLARY",357735,771892,DEMOCRAT
2016,MAINE,ME,23,11,2,"TRUMP, DONALD J.",335593,771892,REPUBLICAN
2016,MARYLAND,MD,24,52,52,"CLINTON, HILLARY",1678006,2781446,DEMOCRAT
2016,MARYLAND,MD,24,52,52,"TRUMP, DONALD J.",943428,2781446,REPUBLICAN
2016,MASSACHUSETTS,MA,25,14,3,"CLINTON, HILLARY",1995196,3378821,DEMOCRAT
2016,MASSACHUSETTS,MA,25,14,3,"TRUMP, DONALD J.",1090893,3378821,REPUBLICAN
2016,MICHIGAN,MI,26,34,23,"TRUMP, DONALD J.",2279543,4799284,REPUBLICAN
2016,MICHIGAN,MI,26,34,23,"CLINTON, HILLARY",2268839,4799284,DEMOCRAT
2016,MINNESOTA,MN,27,41,33,"CLINTON, HILLARY",1367705,2944782,DEMOCRAT
2016,MINNESOTA,MN,27,41,33,"TRUMP, DONALD J.",1322949,2944782,REPUBLICAN
2016,MISSISSIPPI,MS,28,64,46,"TRUMP, DONALD J.",700714,1209357,REPUBLICAN
2016,MISSISSIPPI,MS,28,64,46,"CLINTON, HILLARY",485131,1209357,DEMOCRAT
2016,MISSOURI,MO,29,43,34,"TRUMP, DONALD J.",1594511,2808605,REPUBLICAN
2016,MISSOURI,MO,29,43,34,"CLINTON, HILLARY",1071068,2808605,DEMOCRAT
2016,MONTANA,MT,30,81,64,"TRUMP, DONALD J.",279240,494526,REPUBLICAN
2016,MONTANA,MT,30,81,64,"CLINTON, HILLARY",177709,494526,DEMOCRAT
2016,NEBRASKA,NE,31,46,35,"TRUMP, DONALD J.",495961,844227,REPUBLICAN
2016,NEBRASKA,NE,31,46,35,"CLINTON, HILLARY",284494,844227,DEMOCRAT
2016,NEVADA,NV,32,88,65,"CLINTON, HILLARY",539260,1125385,DEMOCRAT
2016,NEVADA,NV,32,88,65,"TRUMP, DONALD J.",512058,1125385,REPUBLICAN
2016,NEW HAMPSHIRE,NH,33,12,4,"CLINTON, HILLARY",348526,744296,DEMOCRAT
2016,NEW HAMPSHIRE,NH,33,12,4,"TRUMP, DONALD J.",345790,744296,REPUBLICAN
2016,NEW JERSEY,NJ,34,22,12,"CLINTON, HILLARY",2148278,3874046,DEMOCRAT
2016,NEW JERSEY,NJ,34,22,12,"TRUMP, DONALD J.",1601933,3874046,REPUBLICAN
2016,NEW MEXICO,NM,35,85,66,"CLINTON, HILLARY",385234,798319,DEMOCRAT
2016,NEW MEXICO,NM,35,85,66,"TRUMP, DONALD J.",319667,798319,REPUBLICAN
2016,NEW YORK,NY,36,21,13,"CLINTON, HILLARY",4556124,7802084,DEMOCRAT
2016,NEW YORK,NY,36,21,13,"TRUMP, DONALD J.",2819534,7802084,REPUBLICAN
2016,NORTH CAROLINA,NC,37,56,47,"TRUMP, DONALD J.",2362631,4741564,REPUBLICAN
2016,NORTH CAROLINA,NC,37,56,47,"CLINTON, HILLARY",2189316,4741564,DEMOCRAT
2016,NORTH DAKOTA,ND,38,44,36,"TRUMP, DONALD J.",216794,344360,REPUBLICAN
2016,NORTH DAKOTA,ND,38,44,36,"CLINTON, HILLARY",93758,344360,DEMOCRAT
2016,OHIO,OH,39,31,24,"TRUMP, DONALD J.",2841005,5496487,REPUBLICAN
2016,OHIO,OH,39,31,24,"CLINTON, HILLARY",2394164,5496487,DEMOCRAT
2016,OKLAHOMA,OK,40,73,53,"TRUMP, DONALD J.",949136,1452992,REPUBLICAN
2016,OKLAHOMA,OK,40,73,53,"CLINTON, HILLARY",420375,1452992,DEMOCRAT
2016,OREGON,OR,41,92,72,"CLINTON, HILLARY",1002106,2001336,DEMOCRAT
2016,OREGON,OR,41,92,72,"TRUMP, DONALD J.",782403,2001336,REPUBLICAN
2016,PENNSYLVANIA,PA,42,23,14,"TRUMP, DONALD J.",2970733,6115402,REPUBLICAN
2016,PENNSYLVANIA,PA,42,23,14,"CLINTON, HILLARY",2926441,6115402,DEMOCRAT
2016,RHODE ISLAND,RI,44,15,5,"CLINTON, HILLARY",252525,464144,DEMOCRAT
2016,RHODE ISLAND,RI,44,15,5,"TRUMP, DONALD J.",180543,464144,REPUBLICAN
2016,SOUTH CAROLINA,SC,45,57,48,"TRUMP, DONALD J.",1155389,2103027,REPUBLICAN
2016,SOUTH CAROLINA,SC,45,57,48,"CLINTON, HILLARY",855373,2103027,DEMOCRAT
2016,SOUTH DAKOTA,SD,46,45,37,"TRUMP, DONALD J.",227721,370093,REPUBLICAN
2016,SOUTH DAKOTA,SD,46,45,37,"CLINTON, HILLARY",117458,370093,DEMOCRAT
2016,TENNESSEE,TN,47,62,54,"TRUMP, DONALD J.",1522925,2508027,REPUBLICAN
2016,TENNESSEE,TN,47,62,54,"CLINTON, HILLARY",870695,2508027,DEMOCRAT
2016,TEXAS,TX,48,74,49,"TRUMP, DONALD J.",4685047,8969226,REPUBLICAN
2016,TEXAS,TX,48,74,49,"CLINTON, HILLARY",3877868,8969226,DEMOCRAT
2016,UTAH,UT,49,87,67,"TRUMP, DONALD J.",515211,1131317,REPUBLICAN
2016,UTAH,UT,49,87,67,"CLINTON, HILLARY",310674,1131317,DEMOCRAT
2016,VERMONT,VT,50,13,6,"CLINTON, HILLARY",178573,320467,DEMOCRAT
2016,VERMONT,VT,50,13,6,"TRUMP, DONALD J.",95369,320467,REPUBLICAN
2016,VIRGINIA,VA,51,54,40,"CLINTON, HILLARY",1981473,3982752,DEMOCRAT
2016,VIRGINIA,VA,51,54,40,"TRUMP, DONALD J.",1769443,3982752,REPUBLICAN
2016,WASHINGTON,WA,53,91,73,"CLINTON, HILLARY",1742718,3317019,DEMOCRAT
2016,WASHINGTON,WA,53,91,73,"TRUMP, DONALD J.",1221747,3317019,REPUBLICAN
2016,WEST VIRGINIA,WV,54,55,56,"TRUMP, DONALD J.",489371,713051,REPUBLICAN
2016,WEST VIRGINIA,WV,54,55,56,"CLINTON, HILLARY",188794,713051,DEMOCRAT
2016,WISCONSIN,WI,55,35,25,"TRUMP, DONALD J.",1405284,2976150,REPUBLICAN
2016,WISCONSIN,WI,55,35,25,"CLINTON, HILLARY",1382536,2976150,DEMOCRAT
2016,WYOMING,WY,56,83,68,"TRUMP, DONALD J.",174419,258788,REPUBLICAN
2016,WYOMING,WY,56,83,68,"CLINTON, HILLARY",55973,258788,DEMOCRAT
2020,ALABAMA,AL,1,63,41,"BIDEN, JOSEPH R. JR",849624,2323282,DEMOCRAT
2020,ALABAMA,AL,1,63,41,"TRUMP, DONALD J.",1441170,2323282,REPUBLICAN
2020,ALASKA,AK,2,94,81,"BIDEN, JOSEPH R. JR",153778,359530,DEMOCRAT
2020,ALASKA,AK,2,94,81,"TRUMP, DONALD J.",189951,359530,REPUBLICAN
2020,ARIZONA,AZ,4,86,61,"BIDEN, JOSEPH R. JR",1672143,3387326,DEMOCRAT
2020,ARIZONA,AZ,4,86,61,"TRUMP, DONALD J.",1661686,3387326,REPUBLICAN
2020,ARKANSAS,AR,5,71,42,"BIDEN, JOSEPH R. JR",423932,1219069,DEMOCRAT
2020,ARKANSAS,AR,5,71,42,"TRUMP, DONALD J.",760647,1219069,REPUBLICAN
2020,CALIFORNIA,CA,6,93,71,"BIDEN, JOSEPH R. JR",11110250,17500881,DEMOCRAT
2020,CALIFORNIA,CA,6,93,71,"TRUMP, DONALD J.",6006429,17500881,REPUBLICAN
2020,COLORADO,CO,8,84,62,"BIDEN, JOSEPH R. JR",1804352,3279980,DEMOCRAT
2020,COLORADO,CO,8,84,62,"TRUMP, DONALD J.",1364607,3279980,REPUBLICAN
2020,CONNECTICUT,CT,9,16,1,"BIDEN, JOSEPH R. JR",1080831,1823857,DEMOCRAT
2020,CONNECTICUT,CT,9,16,1,"TRUMP, DONALD J.",714717,1823857,REPUBLICAN
2020,DELAWARE,DE,10,51,11,"BIDEN, JOSEPH R. JR",296268,504346,DEMOCRAT
2020,DELAWARE,DE,10,51,11,"TRUMP, DONALD J.",200603,504346,REPUBLICAN
2020,DISTRICT OF COLUMBIA,DC,11,53,55,"BIDEN, JOSEPH R. JR",317323,344356,DEMOCRAT
2020,DISTRICT OF COLUMBIA,DC,11,53,55,"TRUMP, DONALD J.",18586,344356,REPUBLICAN
2020,FLORIDA,FL,12,59,43,"BIDEN, JOSEPH R. JR",5297045,11067456,DEMOCRAT
2020,FLORIDA,FL,12,59,43,"TRUMP, DONALD J.",5668731,11067456,REPUBLICAN
2020,GEORGIA,GA,13,58,44,"BIDEN, JOSEPH R. JR",2473633,4999960,DEMOCRAT
2020,GEORGIA,GA,13,58,44,"TRUMP, DONALD J.",2461854,4999960,REPUBLICAN
2020,HAWAII,HI,15,95,82,"BIDEN, JOSEPH R. JR",366130,579784,DEMOCRAT
2020,HAWAII,HI,15,95,82,"TRUMP, DONALD J.",196864,579784,REPUBLICAN
2020,IDAHO,ID,16,82,63,"BIDEN, JOSEPH R. JR",287021,868014,DEMOCRAT
2020,IDAHO,ID,16,82,63,"TRUMP, DONALD J.",554119,868014,REPUBLICAN
2020,ILLINOIS,IL,17,33,21,"BIDEN, JOSEPH R. JR",3471915,6033743,DEMOCRAT
2020,ILLINOIS,IL,17,33,21,"TRUMP, DONALD J.",2446891,6033743,REPUBLICAN
2020,INDIANA,IN,18,32,22,"BIDEN, JOSEPH R. JR",1242416,3033118,DEMOCRAT
2020,INDIANA,IN,18,32,22,"TRUMP, DONALD J.",1729519,3033118,REPUBLICAN
2020,IOWA,IA,19,42,31,"TRUMP, DONALD J.",897672,1700130,REPUBLICAN
2020,IOWA,IA,19,42,31,"BIDEN, JOSEPH R. JR",759061,1700130,DEMOCRAT
2020,KANSAS,KS,20,47,32,"TRUMP, DONALD J.",771406,1372303,REPUBLICAN
2020,KANSAS,KS,20,47,32,"BIDEN, JOSEPH R. JR",570323,1372303,DEMOCRAT
2020,KENTUCKY,KY,21,61,51,"TRUMP, DONALD J.",1326646,2136768,REPUBLICAN
2020,KENTUCKY,KY,21,61,51,"BIDEN, JOSEPH R. JR",772474,2136768,DEMOCRAT
2020,LOUISIANA,LA,22,72,45,"BIDEN, JOSEPH R. JR",856034,2148062,DEMOCRAT
2020,LOUISIANA,LA,22,72,45,"TRUMP, DONALD J.",1255776,2148062,REPUBLICAN
2020,MAINE,ME,23,11,2,"BIDEN, JOSEPH R. JR",435072,828305,DEMOCRAT
2020,MAINE,ME,23,11,2,"TRUMP, DONALD J.",360737,828305,REPUBLICAN
2020,MARYLAND,MD,24,52,52,"TRUMP, DONALD J.",976414,3037030,REPUBLICAN
2020,MARYLAND,MD,24,52,52,"BIDEN, JOSEPH R. JR",1985023,3037030,DEMOCRAT
2020,MASSACHUSETTS,MA,25,14,3,"BIDEN, JOSEPH R. JR",2382202,3658005,DEMOCRAT
2020,MASSACHUSETTS,MA,25,14,3,"TRUMP, DONALD J.",1167202,3658005,REPUBLICAN
2020,MICHIGAN,MI,26,34,23,"BIDEN, JOSEPH R. JR",2804040,5539302,DEMOCRAT
2020,MICHIGAN,MI,26,34,23,"TRUMP, DONALD J.",2649852,5539302,REPUBLICAN
2020,MINNESOTA,MN,27,41,33,"TRUMP, DONALD J.",1484065,3277171,REPUBLICAN
2020,MINNESOTA,MN,27,41,33,"BIDEN, JOSEPH R. JR",1717077,3277171,DEMOCRAT
2020,MISSISSIPPI,MS,28,64,46,"BIDEN, JOSEPH R. JR",539398,1313759,DEMOCRAT
2020,MISSISSIPPI,MS,28,64,46,"TRUMP, DONALD J.",756764,1313759,REPUBLICAN
2020,MISSOURI,MO,29,43,34,"TRUMP, DONALD J.",1718736,3025962,REPUBLICAN
2020,MISSOURI,MO,29,43,34,"BIDEN, JOSEPH R. JR",1253014,3025962,DEMOCRAT
2020,MONTANA,MT,30,81,64,"TRUMP, DONALD J.",343602,603674,REPUBLICAN
2020,MONTANA,MT,30,81,64,"BIDEN, JOSEPH R. JR",244786,603674,DEMOCRAT
2020,NEBRASKA,NE,31,46,35,"TRUMP, DONALD J.",556846,956383,REPUBLICAN
2020,NEBRASKA,NE,31,46,35,"BIDEN, JOSEPH R. JR",374583,956383,DEMOCRAT
2020,NEVADA,NV,32,88,65,"TRUMP, DONALD J.",669890,1405376,REPUBLICAN
2020,NEVADA,NV,32,88,65,"BIDEN, JOSEPH R. JR",703486,1405376,DEMOCRAT
2020,NEW HAMPSHIRE,NH,33,12,4,"TRUMP, DONALD J.",365654,806182,REPUBLICAN
2020,NEW HAMPSHIRE,NH,33,12,4,"BIDEN, JOSEPH R. JR",424921,806182,DEMOCRAT
2020,NEW JERSEY,NJ,34,22,12,"TRUMP, DONALD J.",1883274,4549353,REPUBLICAN
2020,NEW JERSEY,NJ,34,22,12,"BIDEN, JOSEPH R. JR",2608335,4549353,DEMOCRAT
2020,NEW MEXICO,NM,35,85,66,"BIDEN, JOSEPH R. JR",501614,923965,DEMOCRAT
2020,NEW MEXICO,NM,35,85,66,"TRUMP, DONALD J.",401894,923965,REPUBLICAN
2020,NEW YORK,NY,36,21,13,"BIDEN, JOSEPH R. JR",5230985,8661735,DEMOCRAT
2020,NEW YORK,NY,36,21,13,"TRUMP, DONALD J.",3244798,8661735,REPUBLICAN
2020,NORTH CAROLINA,NC,37,56,47,"TRUMP, DONALD J.",2758773,5524802,REPUBLICAN
2020,NORTH CAROLINA,NC,37,56,47,"BIDEN, JOSEPH R. JR",2684292,5524802,DEMOCRAT
2020,NORTH DAKOTA,ND,38,44,36,"TRUMP, DONALD J.",235595,361819,REPUBLICAN
2020,NORTH DAKOTA,ND,38,44,36,"BIDEN, JOSEPH R. JR",114902,361819,DEMOCRAT
2020,OHIO,OH,39,31,24,"TRUMP, DONALD J.",3154834,5922202,REPUBLICAN
2020,OHIO,OH,39,31,24,"BIDEN, JOSEPH R. JR",2679165,5922202,DEMOCRAT
2020,OKLAHOMA,OK,40,73,53,"TRUMP, DONALD J.",1020280,1560699,REPUBLICAN
2020,OKLAHOMA,OK,40,73,53,"BIDEN, JOSEPH R. JR",503890,1560699,DEMOCRAT
2020,OREGON,OR,41,92,72,"TRUMP, DONALD J.",958448,2374321,REPUBLICAN
2020,OREGON,OR,41,92,72,"BIDEN, JOSEPH R. JR",1340383,2374321,DEMOCRAT
2020,PENNSYLVANIA,PA,42,23,14,"TRUMP, DONALD J.",3377674,6915283,REPUBLICAN
2020,PENNSYLVANIA,PA,42,23,14,"BIDEN, JOSEPH R. JR",3458229,6915283,DEMOCRAT
2020,RHODE ISLAND,RI,44,15,5,"BIDEN, JOSEPH R. JR",307486,516990,DEMOCRAT
2020,RHODE ISLAND,RI,44,15,5,"TRUMP, DONALD J.",199922,516990,REPUBLICAN
2020,SOUTH CAROLINA,SC,45,57,48,"TRUMP, DONALD J.",1385103,2514096,REPUBLICAN
2020,SOUTH CAROLINA,SC,45,57,48,"BIDEN, JOSEPH R. JR",1091541,2514096,DEMOCRAT
2020,SOUTH DAKOTA,SD,46,45,37,"TRUMP, DONALD J.",261043,422609,REPUBLICAN
2020,SOUTH DAKOTA,SD,46,45,37,"BIDEN, JOSEPH R. JR",150471,422609,DEMOCRAT
2020,TENNESSEE,TN,47,62,54,"TRUMP, DONALD J.",1852475,3053851,REPUBLICAN
2020,TENNESSEE,TN,47,62,54,"BIDEN, JOSEPH R. JR",1143711,3053851,DEMOCRAT
2020,TEXAS,TX,48,74,49,"TRUMP, DONALD J.",5890347,11315056,REPUBLICAN
2020,TEXAS,TX,48,74,49,"BIDEN, JOSEPH R. JR",5259126,11315056,DEMOCRAT
2020,UTAH,UT,49,87,67,"BIDEN, JOSEPH R. JR",560282,1488289,DEMOCRAT
2020,UTAH,UT,49,87,67,"TRUMP, DONALD J.",865140,1488289,REPUBLICAN
2020,VERMONT,VT,50,13,6,"BIDEN, JOSEPH R. JR",242820,370968,DEMOCRAT
2020,VERMONT,VT,50,13,6,"TRUMP, DONALD J.",112704,370968,REPUBLICAN
2020,VIRGINIA,VA,51,54,40,"BIDEN, JOSEPH R. JR",2413568,4460524,DEMOCRAT
2020,VIRGINIA,VA,51,54,40,"TRUMP, DONALD J.",1962430,4460524,REPUBLICAN
2020,WASHINGTON,WA,53,91,73,"BIDEN, JOSEPH R. JR",2369612,4087631,DEMOCRAT
2020,WASHINGTON,WA,53,91,73,"TRUMP, DONALD J.",1584651,4087631,REPUBLICAN
2020,WEST VIRGINIA,WV,54,55,56,"BIDEN, JOSEPH R. JR",235984,794652,DEMOCRAT
2020,WEST VIRGINIA,WV,54,55,56,"TRUMP, DONALD J.",545382,794652,REPUBLICAN
2020,WISCONSIN,WI,55,35,25,"BIDEN, JOSEPH R. JR",1630866,3298041,DEMOCRAT
2020,WISCONSIN,WI,55,35,25,"TRUMP, DONALD J.",1610184,3298041,REPUBLICAN
2020,WYOMING,WY,56,83,68,"BIDEN, JOSEPH R. JR",73491,278503,DEMOCRAT
2020,WYOMING,WY,56,83,68,"TRUMP, DONALD J.",193559,278503,REPUBLICAN
